household_id,target_date,forecast_kwh
MAC000002,2014-02-28,15.371894823357778
MAC000246,2014-02-28,14.918974538406662
MAC003223,2014-02-28,22.87374930162588
MAC003239,2014-02-28,7.232291128991185
MAC003281,2014-02-28,4.460662586146685
MAC003305,2014-02-28,20.755996345092395
MAC003348,2014-02-28,12.049368243383908
MAC003388,2014-02-28,22.257725053900202
MAC003394,2014-02-28,14.005841431781814
MAC003400,2014-02-28,13.055215281131998
MAC003422,2014-02-28,22.507357306492832
MAC003423,2014-02-28,15.721239655247928
MAC003428,2014-02-28,21.502505759727956
MAC003449,2014-02-28,63.5358567994298
MAC003482,2014-02-28,14.211426874765312
MAC003553,2014-02-28,39.25910842409615
MAC003566,2014-02-28,26.155229374197237
MAC003579,2014-02-28,11.213088444430737
MAC003597,2014-02-28,26.747376268594454
MAC003613,2014-02-28,37.38903458418581
MAC003646,2014-02-28,5.142085472358926
MAC003656,2014-02-28,18.032636832251
MAC003668,2014-02-28,50.43732723875642
MAC003680,2014-02-28,22.80487717717217
MAC003686,2014-02-28,25.152143584409508
MAC003719,2014-02-28,12.399289376469753
MAC003737,2014-02-28,10.755129690713227
MAC003740,2014-02-28,16.87872053480096
MAC003805,2014-02-28,12.801903858993073
MAC003817,2014-02-28,25.93589597782831
MAC003826,2014-02-28,5.511584273841932
MAC003844,2014-02-28,17.635301915487375
MAC003851,2014-02-28,13.624550926289636
MAC003856,2014-02-28,32.81353959173703
MAC003863,2014-02-28,14.071787783725167
MAC003874,2014-02-28,10.93265534480388
MAC004179,2014-02-28,111.52094220228437
MAC004247,2014-02-28,20.05925615472461
MAC004319,2014-02-28,24.367983029072526
MAC004387,2014-02-28,4.948899398656992
MAC004431,2014-02-28,16.761684033407995
MAC005492,2014-02-28,8.341857322054114
