features,model,Apr 2013,Jun 2013,Aug 2013,Oct 2013,Dec 2013,mean MAE
-,Baseline: same as yesterday,3.818,3.106,3.276,4.412,4.908,3.904
-,Baseline: same day last week,4.949,3.845,4.139,5.61,6.162,4.941
1 original features,Linear Regression,3.661,2.927,3.084,4.109,4.557,3.668
1 original features,Random Forest,3.727,2.972,3.102,4.089,4.713,3.721
1 original features,Gradient Boosting,3.737,2.978,3.069,4.065,4.555,3.681
2 + rolling averages,Linear Regression,3.643,2.752,2.953,3.941,4.421,3.542
2 + rolling averages,Random Forest,3.584,2.742,2.89,3.896,4.405,3.503
2 + rolling averages,Gradient Boosting,3.724,2.77,2.93,3.951,4.357,3.547
3 + bank holidays,Linear Regression,3.647,2.753,2.953,3.941,4.423,3.543
3 + bank holidays,Random Forest,3.586,2.742,2.891,3.897,4.403,3.504
3 + bank holidays,Gradient Boosting,3.743,2.77,2.921,3.938,4.314,3.537
4 + weather,Linear Regression,3.649,2.925,2.962,3.967,4.415,3.583
4 + weather,Random Forest,3.481,2.716,2.87,3.856,4.367,3.458
4 + weather,Gradient Boosting,3.559,2.705,2.896,3.918,4.356,3.487
5 + tariff group,Linear Regression,3.649,2.921,2.962,3.967,4.415,3.583
5 + tariff group,Random Forest,3.48,2.716,2.869,3.855,4.369,3.458
5 + tariff group,Gradient Boosting,3.559,2.705,2.896,3.918,4.356,3.487
