household_id,avg_kw,group,hour,power_kw,relative
MAC000450,3.0306720221757057,1,0,2.474970058203593,0.8166406790619406
MAC000450,3.0306720221757057,1,1,2.1192364926770706,0.6992628952161178
MAC000450,3.0306720221757057,1,2,1.94191126882494,0.640752695974951
MAC000450,3.0306720221757057,1,3,1.877330937170264,0.6194437812583021
MAC000450,3.0306720221757057,1,4,1.90784153757503,0.6295110535271313
MAC000450,3.0306720221757057,1,5,1.8461055160671462,0.6091406468793134
MAC000450,3.0306720221757057,1,6,1.933218225179856,0.6378843408439846
MAC000450,3.0306720221757057,1,7,2.7702302122302163,0.9140646668330282
MAC000450,3.0306720221757057,1,8,3.201908870263789,1.0565012798597564
MAC000450,3.0306720221757057,1,9,3.2338391397358945,1.067036985880886
MAC000450,3.0306720221757057,1,10,3.384134288968825,1.1166283465207727
MAC000450,3.0306720221757057,1,11,3.3878417256594724,1.1178516516700994
MAC000450,3.0306720221757057,1,12,3.4128163330132053,1.1260922686590018
MAC000450,3.0306720221757057,1,13,3.2806187074340527,1.0824723636967195
MAC000450,3.0306720221757057,1,14,3.206004805042017,1.057852773768783
MAC000450,3.0306720221757057,1,15,3.1521077846706587,1.0400689225381026
MAC000450,3.0306720221757057,1,16,3.3166363643540673,1.0943567433512877
MAC000450,3.0306720221757057,1,17,3.369409084688995,1.1117696207424357
MAC000450,3.0306720221757057,1,18,3.499062204784689,1.154549941129139
MAC000450,3.0306720221757057,1,19,3.9440263489820357,1.3013702308013644
MAC000450,3.0306720221757057,1,20,4.336543713772455,1.4308851904929225
MAC000450,3.0306720221757057,1,21,4.248361239712919,1.4017885170771596
MAC000450,3.0306720221757057,1,22,3.8037272624401917,1.2550771692245053
MAC000450,3.0306720221757057,1,23,3.0882464107655503,1.0189972349922947
MAC003422,0.7825325930453003,1,0,0.7695801980198019,0.9834481079246898
MAC003422,0.7825325930453003,1,1,0.7694653471287128,0.9833013397362338
MAC003422,0.7825325930453003,1,2,0.7691821786138614,0.9829394781123627
MAC003422,0.7825325930453003,1,3,0.7697443012884044,0.9836578158270328
MAC003422,0.7825325930453003,1,4,0.7705306924752475,0.9846627467319332
MAC003422,0.7825325930453003,1,5,0.7685504940594059,0.9821322471291812
MAC003422,0.7825325930453003,1,6,0.7708574255445544,0.9850802795889806
MAC003422,0.7825325930453003,1,7,0.775176237029703,0.9905992976126791
MAC003422,0.7825325930453003,1,8,0.7745841578217822,0.9898426783827803
MAC003422,0.7825325930453003,1,9,0.7691405940594059,0.9828863371252332
MAC003422,0.7825325930453003,1,10,0.7711337958374628,0.9854334537511363
MAC003422,0.7825325930453003,1,11,0.7719484126984127,0.9864744543026659
MAC003422,0.7825325930453003,1,12,0.7628320164031621,0.9748245928447894
MAC003422,0.7825325930453003,1,13,0.7694209486166008,0.9832446027868638
MAC003422,0.7825325930453003,1,14,0.7789732937685461,0.9954515641797067
MAC003422,0.7825325930453003,1,15,0.7732865608695652,0.9881844765855012
MAC003422,0.7825325930453003,1,16,0.7940909988130563,1.014770510353793
MAC003422,0.7825325930453003,1,17,0.7993418960474309,1.021480642661433
MAC003422,0.7825325930453003,1,18,0.8014683788537549,1.0241980793857597
MAC003422,0.7825325930453003,1,19,0.8061245049407114,1.0301481524285154
MAC003422,0.7825325930453003,1,20,0.8244407108695653,1.0535544694198302
MAC003422,0.7825325930453003,1,21,0.8326758895256916,1.064078221055629
MAC003422,0.7825325930453003,1,22,0.8120355721343874,1.0377019172764081
MAC003422,0.7825325930453003,1,23,0.7761976276679842,0.9919045347968664
MAC003553,0.7217145440728249,1,0,0.637824630541872,0.8837630276126347
MAC003553,0.7217145440728249,1,1,0.6218520710059171,0.861631618917699
MAC003553,0.7217145440728249,1,2,0.6297692305719921,0.8726015510482008
MAC003553,0.7217145440728249,1,3,0.632224852071006,0.8760040340924751
MAC003553,0.7217145440728249,1,4,0.6436173570019724,0.8917893678155223
MAC003553,0.7217145440728249,1,5,0.6694378698224851,0.9275659958917708
MAC003553,0.7217145440728249,1,6,0.7128678499013807,0.9877421146018204
MAC003553,0.7217145440728249,1,7,0.7309713717670285,1.0128261620473449
MAC003553,0.7217145440728249,1,8,0.766861932938856,1.062555742068398
MAC003553,0.7217145440728249,1,9,0.7590414199211045,1.0517197223678412
MAC003553,0.7217145440728249,1,10,0.7231597635108482,1.002002480689758
MAC003553,0.7217145440728249,1,11,0.7425291216189536,1.0288404573762178
MAC003553,0.7217145440728249,1,12,0.7398934909270217,1.0251885555078442
MAC003553,0.7217145440728249,1,13,0.7061574803149606,0.9784442978382123
MAC003553,0.7217145440728249,1,14,0.6729468505905511,0.93242800234139
MAC003553,0.7217145440728249,1,15,0.6728385828740158,0.9322779877443106
MAC003553,0.7217145440728249,1,16,0.6930492127952755,0.9602816217118428
MAC003553,0.7217145440728249,1,17,0.7349429133858267,1.0183290878944335
MAC003553,0.7217145440728249,1,18,0.8395039383858268,1.1632077325867447
MAC003553,0.7217145440728249,1,19,0.9316610857142856,1.2908996962381791
MAC003553,0.7217145440728249,1,20,0.8634822834645669,1.1964318726233636
MAC003553,0.7217145440728249,1,21,0.7937834647637795,1.0998579303726523
MAC003553,0.7217145440728249,1,22,0.7293622051181102,1.01059651784503
MAC003553,0.7217145440728249,1,23,0.6733700787401575,0.9330144227663103
MAC003566,1.2159825806905908,1,0,0.8393504952475247,0.6902652295979715
MAC003566,1.2159825806905908,1,1,0.8352712871287129,0.686910569602353
MAC003566,1.2159825806905908,1,2,0.821079207920792,0.675239284640474
MAC003566,1.2159825806905908,1,3,0.8262653465346534,0.6795042623599049
MAC003566,1.2159825806905908,1,4,0.8362712871287129,0.687732949804076
MAC003566,1.2159825806905908,1,5,0.8455663366336634,0.6953770144909827
MAC003566,1.2159825806905908,1,6,0.8977168316831683,0.7382645491297495
MAC003566,1.2159825806905908,1,7,1.1142356437623764,0.9163253334842761
MAC003566,1.2159825806905908,1,8,1.327574257029703,1.0917707852983685
MAC003566,1.2159825806905908,1,9,1.3851287134653465,1.1391024307919713
MAC003566,1.2159825806905908,1,10,1.3823913043478262,1.1368512397297066
MAC003566,1.2159825806905908,1,11,1.32920355513834,1.0931106878056163
MAC003566,1.2159825806905908,1,12,1.2753379454545455,1.0488126768479242
MAC003566,1.2159825806905908,1,13,1.337490118972332,1.0999253938430054
MAC003566,1.2159825806905908,1,14,1.3195889322134386,1.085203812265145
MAC003566,1.2159825806905908,1,15,1.2328774691699604,1.0138940217957517
MAC003566,1.2159825806905908,1,16,1.3613122507905138,1.1195162434131138
MAC003566,1.2159825806905908,1,17,1.6188596841897231,1.3313181536452003
MAC003566,1.2159825806905908,1,18,1.662922926679842,1.3675548918927942
MAC003566,1.2159825806905908,1,19,1.6676521733201581,1.3714441306988554
MAC003566,1.2159825806905908,1,20,1.621747035770751,1.3336926544208514
MAC003566,1.2159825806905908,1,21,1.5135632440711462,1.2447244459797695
MAC003566,1.2159825806905908,1,22,1.2057272731225297,0.9915662380934464
MAC003566,1.2159825806905908,1,23,0.926448616798419,0.7618930003686917
MAC003579,0.4575639969904221,1,0,0.302969397828233,0.6621355697147975
MAC003579,0.4575639969904221,1,1,0.2901304347826087,0.6340761875735643
MAC003579,0.4575639969904221,1,2,0.2861719367588933,0.6254249430487503
MAC003579,0.4575639969904221,1,3,0.2870889328063241,0.6274290256545982
MAC003579,0.4575639969904221,1,4,0.3002371541501976,0.656164287673364
MAC003579,0.4575639969904221,1,5,0.34927865612648223,0.7633438347943129
MAC003579,0.4575639969904221,1,6,0.3836877470355731,0.8385444430926339
MAC003579,0.4575639969904221,1,7,0.40276679841897234,0.8802414548962059
MAC003579,0.4575639969904221,1,8,0.41226086916996046,0.9009906196325802
MAC003579,0.4575639969904221,1,9,0.4585928849802372,1.0022486209504735
MAC003579,0.4575639969904221,1,10,0.46949802371541505,1.0260816559071249
MAC003579,0.4575639969904221,1,11,0.455743083201581,0.996020417251318
MAC003579,0.4575639969904221,1,12,0.46552766778656124,1.017404496089114
MAC003579,0.4575639969904221,1,13,0.44634714043392504,0.9754857099110185
MAC003579,0.4575639969904221,1,14,0.45248717968441815,0.9889046836302765
MAC003579,0.4575639969904221,1,15,0.48648520729783035,1.0632069185898243
MAC003579,0.4575639969904221,1,16,0.5157061143984222,1.1270688205156516
MAC003579,0.4575639969904221,1,17,0.6269151867850099,1.3701147618879042
MAC003579,0.4575639969904221,1,18,0.6504935832181639,1.4216450321631844
MAC003579,0.4575639969904221,1,19,0.5727830376725838,1.2518096734883044
MAC003579,0.4575639969904221,1,20,0.581534516765286,1.2709359140803618
MAC003579,0.4575639969904221,1,21,0.7302859960552268,1.5960302839790812
MAC003579,0.4575639969904221,1,22,0.6352406311637081,1.388309909306534
MAC003579,0.4575639969904221,1,23,0.41930374753451677,0.9163827361690211
MAC003613,1.380747582452037,1,0,0.7054331024777007,0.5109066359724772
MAC003613,1.380747582452037,1,1,0.6213134920634921,0.4499834002679303
MAC003613,1.380747582452037,1,2,0.6569623013888889,0.4758018842388303
MAC003613,1.380747582452037,1,3,0.6323789680555556,0.45799751967157437
MAC003613,1.380747582452037,1,4,0.7136865079365079,0.5168841264013578
MAC003613,1.380747582452037,1,5,0.928633565839126,0.6725585310748744
MAC003613,1.380747582452037,1,6,0.9384583323412699,0.6796740724142235
MAC003613,1.380747582452037,1,7,0.9092671296921548,0.6585324799753832
MAC003613,1.380747582452037,1,8,1.1373412700396826,0.8237141129154868
MAC003613,1.380747582452037,1,9,1.5602537163528245,1.1300064806791164
MAC003613,1.380747582452037,1,10,1.8388880063429138,1.3318060663030646
MAC003613,1.380747582452037,1,11,1.9116297017821782,1.3844889001271037
MAC003613,1.380747582452037,1,12,2.015403960990099,1.4596469235969916
MAC003613,1.380747582452037,1,13,2.4094950495049505,1.7450655573308955
MAC003613,1.380747582452037,1,14,2.305275245148515,1.6695848498641808
MAC003613,1.380747582452037,1,15,1.858233663168317,1.3458170680757766
MAC003613,1.380747582452037,1,16,1.8672396053465348,1.352339579715612
MAC003613,1.380747582452037,1,17,1.8034792083168316,1.3061614093968397
MAC003613,1.380747582452037,1,18,1.6931069312871287,1.2262248022773143
MAC003613,1.380747582452037,1,19,1.720846381962339,1.246314970116644
MAC003613,1.380747582452037,1,20,1.6789009897029703,1.2159362153084126
MAC003613,1.380747582452037,1,21,1.332354455841584,0.9649515036452118
MAC003613,1.380747582452037,1,22,1.0184237600000001,0.7375886606235482
MAC003613,1.380747582452037,1,23,0.8809366332673267,0.6380142500071535
MAC003656,0.7405216814694837,1,0,0.352155223880597,0.4755501867032222
MAC003656,0.7405216814694837,1,1,0.3462410358565737,0.46756367101837787
MAC003656,0.7405216814694837,1,2,0.3508306772908366,0.47376151984456655
MAC003656,0.7405216814694837,1,3,0.3536792828685259,0.47760827497540426
MAC003656,0.7405216814694837,1,4,0.3469203187250996,0.46848097416496226
MAC003656,0.7405216814694837,1,5,0.3557808764940239,0.4804462656488544
MAC003656,0.7405216814694837,1,6,0.5212729083665338,0.7039265985192023
MAC003656,0.7405216814694837,1,7,0.9075119531872511,1.2255035549889552
MAC003656,0.7405216814694837,1,8,1.2828525896414342,1.7323633078450242
MAC003656,0.7405216814694837,1,9,1.1387450177290837,1.5377605358824464
MAC003656,0.7405216814694837,1,10,0.9702470129482073,1.3102209391396331
MAC003656,0.7405216814694837,1,11,0.9886739774675972,1.3351047001158463
MAC003656,0.7405216814694837,1,12,1.0031402967164178,1.3546400082787533
MAC003656,0.7405216814694837,1,13,0.9688369779324056,1.3083168287657092
MAC003656,0.7405216814694837,1,14,0.9463777347912524,1.2779878813450405
MAC003656,0.7405216814694837,1,15,0.8695964208747514,1.1743024446618944
MAC003656,0.7405216814694837,1,16,0.9569920479125248,1.2923214429231558
MAC003656,0.7405216814694837,1,17,0.9159403580516898,1.236885267469964
MAC003656,0.7405216814694837,1,18,0.8168707749502981,1.1031017664861724
MAC003656,0.7405216814694837,1,19,0.7157176934393638,0.9665047105968604
MAC003656,0.7405216814694837,1,20,0.6736600391650099,0.9097100814498852
MAC003656,0.7405216814694837,1,21,0.7269085485089464,0.9816168340493102
MAC003656,0.7405216814694837,1,22,0.7280019880715706,0.9830934141279034
MAC003656,0.7405216814694837,1,23,0.5355666003976143,0.7232287909988555
MAC003680,0.7102346162024261,1,0,0.41840120341023074,0.589102803306592
MAC003680,0.7102346162024261,1,1,0.39625702811244984,0.5579241268627654
MAC003680,0.7102346162024261,1,2,0.3902472361809045,0.5494624273138483
MAC003680,0.7102346162024261,1,3,0.3926265060240964,0.5528124046155936
MAC003680,0.7102346162024261,1,4,0.39176506024096386,0.5515995014938918
MAC003680,0.7102346162024261,1,5,0.3948935742971888,0.556004403740072
MAC003680,0.7102346162024261,1,6,0.5147718592964824,0.724791283828055
MAC003680,0.7102346162024261,1,7,0.762845380120482,1.0740751896878271
MAC003680,0.7102346162024261,1,8,0.8325951897795592,1.172281906268363
MAC003680,0.7102346162024261,1,9,0.8776573136272545,1.2357287206304104
MAC003680,0.7102346162024261,1,10,0.8181945837512538,1.1520060626248856
MAC003680,0.7102346162024261,1,11,0.7525150304609218,1.059530207756651
MAC003680,0.7102346162024261,1,12,0.692330661523046,0.9747914924576455
MAC003680,0.7102346162024261,1,13,0.7891033093279839,1.1110459717484105
MAC003680,0.7102346162024261,1,14,0.8411142276553105,1.1842765875770578
MAC003680,0.7102346162024261,1,15,0.9180521046092184,1.2926039982646544
MAC003680,0.7102346162024261,1,16,1.017330660721443,1.4323867599710043
MAC003680,0.7102346162024261,1,17,1.1575150296593186,1.6297643106280415
MAC003680,0.7102346162024261,1,18,1.116160321442886,1.5715374835021638
MAC003680,0.7102346162024261,1,19,0.8863647292585171,1.247988635076457
MAC003680,0.7102346162024261,1,20,0.7735891781563126,1.0892023009138005
MAC003680,0.7102346162024261,1,21,0.7414348697394789,1.0439295027661117
MAC003680,0.7102346162024261,1,22,0.6415370741482966,0.903274860888293
MAC003680,0.7102346162024261,1,23,0.5283286573146293,0.7438790580774068
MAC003775,1.2429229954729453,1,0,0.920026637735849,0.7402120976816985
MAC003775,1.2429229954729453,1,1,0.6342313679644049,0.5102740638595018
MAC003775,1.2429229954729453,1,2,0.6952511124444445,0.5593678087675047
MAC003775,1.2429229954729453,1,3,0.9624866653333334,0.7743735282386477
MAC003775,1.2429229954729453,1,4,1.219315554888889,0.9810065139433087
MAC003775,1.2429229954729453,1,5,1.0886696338153503,0.8758946755193793
MAC003775,1.2429229954729453,1,6,0.9118377768888889,0.7336237081541203
MAC003775,1.2429229954729453,1,7,0.9029222224444445,0.7264506536069623
MAC003775,1.2429229954729453,1,8,1.3112088871111112,1.05493976045731
MAC003775,1.2429229954729453,1,9,1.6034822188888889,1.290089751922843
MAC003775,1.2429229954729453,1,10,1.4278044433333332,1.1487473065779419
MAC003775,1.2429229954729453,1,11,1.4351955562222223,1.154693863939749
MAC003775,1.2429229954729453,1,12,1.4372674801331853,1.1563608408309236
MAC003775,1.2429229954729453,1,13,1.1824611962305986,0.9513551527628304
MAC003775,1.2429229954729453,1,14,1.113880266518847,0.8961780179270107
MAC003775,1.2429229954729453,1,15,1.3432039929046564,1.0806815850997697
MAC003775,1.2429229954729453,1,16,1.468186252993348,1.1812366963527678
MAC003775,1.2429229954729453,1,17,1.388820398226164,1.1173824953634421
MAC003775,1.2429229954729453,1,18,1.5457871396895786,1.2436708833288503
MAC003775,1.2429229954729453,1,19,1.727121951662971,1.3895647260156958
MAC003775,1.2429229954729453,1,20,1.595773836141907,1.2838879334875433
MAC003775,1.2429229954729453,1,21,1.3506762756097561,1.086693448048895
MAC003775,1.2429229954729453,1,22,1.3171019964523283,1.0596810914671002
MAC003775,1.2429229954729453,1,23,1.2474390277161862,1.0036333966462037
MAC003826,0.4425850168427388,1,0,0.4005035532994924,0.9049189151421296
MAC003826,0.4425850168427388,1,1,0.3764085365853659,0.8504773597410618
MAC003826,0.4425850168427388,1,2,0.37847357723577235,0.855143221828165
MAC003826,0.4425850168427388,1,3,0.3532967481707317,0.7982573623730841
MAC003826,0.4425850168427388,1,4,0.30365853658536585,0.6861021612334949
MAC003826,0.4425850168427388,1,5,0.26461178861788615,0.5978778732853244
MAC003826,0.4425850168427388,1,6,0.27373577235772356,0.6184930848099373
MAC003826,0.4425850168427388,1,7,0.3009979672764228,0.6800907301915615
MAC003826,0.4425850168427388,1,8,0.26739430914634144,0.6041648473638978
MAC003826,0.4425850168427388,1,9,0.24798984771573604,0.5603213807028918
MAC003826,0.4425850168427388,1,10,0.2681928936040609,0.6059692113331444
MAC003826,0.4425850168427388,1,11,0.34169371196754567,0.7720408485697963
MAC003826,0.4425850168427388,1,12,0.4402636922920892,0.9947550765111545
MAC003826,0.4425850168427388,1,13,0.5565010135902637,1.2573878292585807
MAC003826,0.4425850168427388,1,14,0.6510547665314401,1.4710275805897326
MAC003826,0.4425850168427388,1,15,0.6663813379310345,1.505657246792464
MAC003826,0.4425850168427388,1,16,0.5834178503042596,1.3182051540428945
MAC003826,0.4425850168427388,1,17,0.5905740359026369,1.33437421834929
MAC003826,0.4425850168427388,1,18,0.5731257596348884,1.2949506599283136
MAC003826,0.4425850168427388,1,19,0.5647991880324544,1.276137163570409
MAC003826,0.4425850168427388,1,20,0.5995212981744422,1.3545901360403863
MAC003826,0.4425850168427388,1,21,0.6077180525354969,1.3731103164557283
MAC003826,0.4425850168427388,1,22,0.5559148077079108,1.2560633246774389
MAC003826,0.4425850168427388,1,23,0.45581135902636916,1.0298842972091167
MAC003874,0.46438371417753493,1,0,0.3379488752556237,0.7277362770013617
MAC003874,0.46438371417753493,1,1,0.3126257668711656,0.6732057075361779
MAC003874,0.46438371417753493,1,2,0.3007566462167689,0.6476468425457939
MAC003874,0.46438371417753493,1,3,0.29665644171779143,0.6388174965248221
MAC003874,0.46438371417753493,1,4,0.3048282208588957,0.6564145372728536
MAC003874,0.46438371417753493,1,5,0.34475051124744377,0.7423828629693178
MAC003874,0.46438371417753493,1,6,0.4404580777096115,0.9484787348533574
MAC003874,0.46438371417753493,1,7,0.48798159509202454,1.0508154790834634
MAC003874,0.46438371417753493,1,8,0.49923108384458076,1.0750400339270374
MAC003874,0.46438371417753493,1,9,0.46354192229038854,0.9981872924018508
MAC003874,0.46438371417753493,1,10,0.4733251533742331,1.0192544202643588
MAC003874,0.46438371417753493,1,11,0.49237423333333336,1.0602745494754744
MAC003874,0.46438371417753493,1,12,0.4925918369387755,1.0607431352565835
MAC003874,0.46438371417753493,1,13,0.48156938795918364,1.0370074859582146
MAC003874,0.46438371417753493,1,14,0.47637346918367346,1.0258186379928793
MAC003874,0.46438371417753493,1,15,0.4864857142857143,1.0475942618860439
MAC003874,0.46438371417753493,1,16,0.5580816322448979,1.2017683118653513
MAC003874,0.46438371417753493,1,17,0.6559530614285715,1.4125238276073548
MAC003874,0.46438371417753493,1,18,0.7279020410204081,1.5674581575488444
MAC003874,0.46438371417753493,1,19,0.6528081632653061,1.405751630247171
MAC003874,0.46438371417753493,1,20,0.5649877551020408,1.2166398989738143
MAC003874,0.46438371417753493,1,21,0.4829591836734694,1.0400002604071361
MAC003874,0.46438371417753493,1,22,0.4306734693877551,0.9274086412580517
MAC003874,0.46438371417753493,1,23,0.3803448979591837,0.8190315171426898
MAC004034,0.4669065039079774,1,0,0.38717767676537584,0.8292402729983918
MAC004034,0.4669065039079774,1,1,0.36383599066059225,0.7792480670440621
MAC004034,0.4669065039079774,1,2,0.35866059225512525,0.7681636243084198
MAC004034,0.4669065039079774,1,3,0.35852847357630985,0.7678806582805114
MAC004034,0.4669065039079774,1,4,0.35500227790432803,0.7603284060791226
MAC004034,0.4669065039079774,1,5,0.3512027334851936,0.7521907074449581
MAC004034,0.4669065039079774,1,6,0.40009567198177676,0.8569074721234374
MAC004034,0.4669065039079774,1,7,0.45394305193621864,0.9722354435775568
MAC004034,0.4669065039079774,1,8,0.5177289289293849,1.1088492548208841
MAC004034,0.4669065039079774,1,9,0.5207015943052392,1.1152159799595858
MAC004034,0.4669065039079774,1,10,0.5013150684931507,1.0736947639349117
MAC004034,0.4669065039079774,1,11,0.5286255714611872,1.132187208866497
MAC004034,0.4669065039079774,1,12,0.535266515261959,1.146410492854164
MAC004034,0.4669065039079774,1,13,0.5229178089041095,1.1199625717939699
MAC004034,0.4669065039079774,1,14,0.5026369858447489,1.0765259889029382
MAC004034,0.4669065039079774,1,15,0.4998150687214612,1.070482129801237
MAC004034,0.4669065039079774,1,16,0.511678449258837,1.0958906011720146
MAC004034,0.4669065039079774,1,17,0.522968108428246,1.120070301122466
MAC004034,0.4669065039079774,1,18,0.5266045456818182,1.1278586639384376
MAC004034,0.4669065039079774,1,19,0.5311204540909091,1.1375306397436427
MAC004034,0.4669065039079774,1,20,0.5088623440273038,1.0898591897267627
MAC004034,0.4669065039079774,1,21,0.5238204545454546,1.1218958188868886
MAC004034,0.4669065039079774,1,22,0.491225,1.052084295010839
MAC004034,0.4669065039079774,1,23,0.4320227272727273,0.9252874476083003
MAC004179,4.222260269139983,1,0,3.6430532801544406,0.8628206334841791
MAC004179,4.222260269139983,1,1,3.5993663074188564,0.8524738121252764
MAC004179,4.222260269139983,1,2,3.4779969075734156,0.8237286869769013
MAC004179,4.222260269139983,1,3,3.441918081916538,0.815183778952028
MAC004179,4.222260269139983,1,4,3.8306877948995366,0.9072599865284467
MAC004179,4.222260269139983,1,5,3.9512024721792893,0.93580267920909
MAC004179,4.222260269139983,1,6,3.937446676506955,0.9325447569599871
MAC004179,4.222260269139983,1,7,4.141361667233385,0.9808399774647062
MAC004179,4.222260269139983,1,8,4.320080377125193,1.023167711545441
MAC004179,4.222260269139983,1,9,4.237528592426584,1.0036161492455111
MAC004179,4.222260269139983,1,10,4.186849425637066,0.9916132968491471
MAC004179,4.222260269139983,1,11,4.08414968595679,0.9672898934742069
MAC004179,4.222260269139983,1,12,4.1379475313271605,0.9800313736154415
MAC004179,4.222260269139983,1,13,4.226550924074074,1.0010161985904684
MAC004179,4.222260269139983,1,14,4.2586358016975305,1.0086151800786447
MAC004179,4.222260269139983,1,15,4.183327162654321,0.9907790841862073
MAC004179,4.222260269139983,1,16,4.18032586965251,0.9900682580384809
MAC004179,4.222260269139983,1,17,4.732246916049383,1.1207852227009392
MAC004179,4.222260269139983,1,18,5.538015437654321,1.3116234160482818
MAC004179,4.222260269139983,1,19,5.384796298302469,1.275334999516569
MAC004179,4.222260269139983,1,20,5.182496911882716,1.2274224186891067
MAC004179,4.222260269139983,1,21,4.753003086574075,1.125701113527565
MAC004179,4.222260269139983,1,22,4.129932092746913,0.9781329973739693
MAC004179,4.222260269139983,1,23,3.77532715771605,0.8941483748194028
MAC004247,0.9060552381873482,1,0,0.8590085606225681,0.9480752656329193
MAC004247,0.9060552381873482,1,1,0.7750763236760124,0.8554404753805387
MAC004247,0.9060552381873482,1,2,0.6640202489096573,0.7328694994778624
MAC004247,0.9060552381873482,1,3,0.5350809971962617,0.5905611210490249
MAC004247,0.9060552381873482,1,4,0.4317647976635514,0.47653253296933523
MAC004247,0.9060552381873482,1,5,0.38400155763239874,0.42381693902088274
MAC004247,0.9060552381873482,1,6,0.38295482881619936,0.42266167963703605
MAC004247,0.9060552381873482,1,7,0.38624299049844235,0.42629077590364034
MAC004247,0.9060552381873482,1,8,0.388257209664848,0.4285138403278749
MAC004247,0.9060552381873482,1,9,0.4142948517940717,0.4572512075785897
MAC004247,0.9060552381873482,1,10,0.5232424007794232,0.577495034216921
MAC004247,0.9060552381873482,1,11,1.221521806542056,1.3481758672747475
MAC004247,0.9060552381873482,1,12,1.6102601258566978,1.7772207013318304
MAC004247,0.9060552381873482,1,13,1.6696183800623052,1.8427335439310957
MAC004247,0.9060552381873482,1,14,1.6560824247278383,1.827794106726862
MAC004247,0.9060552381873482,1,15,1.4006127520995333,1.54583594141743
MAC004247,0.9060552381873482,1,16,0.9722208407465008,1.073026014055747
MAC004247,0.9060552381873482,1,17,1.1072923790046656,1.2221025080324153
MAC004247,0.9060552381873482,1,18,1.341895799066874,1.4810308936036476
MAC004247,0.9060552381873482,1,19,1.2594225684046694,1.3900063873856818
MAC004247,0.9060552381873482,1,20,1.01568093307393,1.120992286415008
MAC004247,0.9060552381873482,1,21,0.9339611195956453,1.030799315794615
MAC004247,0.9060552381873482,1,22,0.9152519441679627,1.0101502707484076
MAC004247,0.9060552381873482,1,23,0.8975598758942458,0.9906237920878883
MAC005492,0.3133370055543295,1,0,0.30124025385312786,0.9613937980935221
MAC005492,0.3133370055543295,1,1,0.24631789282470484,0.7861117214321365
MAC005492,0.3133370055543295,1,2,0.2103230490018149,0.6712359066230592
MAC005492,0.3133370055543295,1,3,0.20108711433756807,0.6417598648516528
MAC005492,0.3133370055543295,1,4,0.2036497277676951,0.6499383225017267
MAC005492,0.3133370055543295,1,5,0.2031524500907441,0.6483512846857774
MAC005492,0.3133370055543295,1,6,0.20642105263157895,0.6587828726657938
MAC005492,0.3133370055543295,1,7,0.24890381125226863,0.7943645558619191
MAC005492,0.3133370055543295,1,8,0.30203082502266543,0.9639168680007582
MAC005492,0.3133370055543295,1,9,0.33886775362318844,1.0814801559225093
MAC005492,0.3133370055543295,1,10,0.3054999998188406,0.974988572697871
MAC005492,0.3133370055543295,1,11,0.30217210144927537,0.9643677449291311
MAC005492,0.3133370055543295,1,12,0.30221014492753623,0.9644891588623292
MAC005492,0.3133370055543295,1,13,0.30215579710144924,0.9643157103863319
MAC005492,0.3133370055543295,1,14,0.2879873188405797,0.9190976926938355
MAC005492,0.3133370055543295,1,15,0.28345108695652177,0.9046205265639274
MAC005492,0.3133370055543295,1,16,0.32103985525362316,1.0245832747576893
MAC005492,0.3133370055543295,1,17,0.40012500018115943,1.2769797154130964
MAC005492,0.3133370055543295,1,18,0.4730507246376812,1.509718661543981
MAC005492,0.3133370055543295,1,19,0.46292572463768117,1.4774052104656834
MAC005492,0.3133370055543295,1,20,0.44830797101449277,1.4307533520382758
MAC005492,0.3133370055543295,1,21,0.4268695650362319,1.3623337092950454
MAC005492,0.3133370055543295,1,22,0.3897717391304348,1.2439377801574487
MAC005492,0.3133370055543295,1,23,0.3525271739130435,1.125073539556498
MAC001074,0.9689186683161539,2,0,0.530883928125,0.5479138192760827
MAC001074,0.9689186683161539,2,1,0.47739732232142856,0.49271145033367847
MAC001074,0.9689186683161539,2,2,0.3623571428571429,0.37398096941084774
MAC001074,0.9689186683161539,2,3,0.3703125,0.3821915214447789
MAC001074,0.9689186683161539,2,4,0.35483035714285716,0.36621273667840776
MAC001074,0.9689186683161539,2,5,0.42840625,0.442148824260462
MAC001074,0.9689186683161539,2,6,0.6055044647321429,0.6249280610770206
MAC001074,0.9689186683161539,2,7,0.8223526812499999,0.8487324149498892
MAC001074,0.9689186683161539,2,8,0.9290714294642858,0.9588745266709361
MAC001074,0.9689186683161539,2,9,0.9904285709821429,1.0221999052855182
MAC001074,0.9689186683161539,2,10,0.972534520712695,1.0037318430481115
MAC001074,0.9689186683161539,2,11,1.0269066644444445,1.0598481565321325
MAC001074,0.9689186683161539,2,12,0.9665511093333332,0.9975564935837853
MAC001074,0.9689186683161539,2,13,0.8625466657777777,0.8902157569910012
MAC001074,0.9689186683161539,2,14,0.8400222213333334,0.8669687650803295
MAC001074,0.9689186683161539,2,15,0.8651333315555555,0.8928853987910431
MAC001074,0.9689186683161539,2,16,1.307444444,1.349385130820275
MAC001074,0.9689186683161539,2,17,1.4219688884444446,1.4675833327844008
MAC001074,0.9689186683161539,2,18,2.126599992,2.194817853696364
MAC001074,0.9689186683161539,2,19,2.0352533351111113,2.100540944936172
MAC001074,0.9689186683161539,2,20,1.759986667111111,1.8164441708711458
MAC001074,0.9689186683161539,2,21,1.4082933333333332,1.4534690881544798
MAC001074,0.9689186683161539,2,22,1.0577022213333334,1.0916315846937628
MAC001074,0.9689186683161539,2,23,0.7315599982222222,0.7550272506293761
MAC003223,0.8002213280156519,2,0,0.4305468304635761,0.5380346853928828
MAC003223,0.8002213280156519,2,1,0.25831060587121213,0.32279895177470164
MAC003223,0.8002213280156519,2,2,0.18947727272727272,0.23678108305002168
MAC003223,0.8002213280156519,2,3,0.16725189393939394,0.2090070435314898
MAC003223,0.8002213280156519,2,4,0.16256439393939395,0.20314928913793495
MAC003223,0.8002213280156519,2,5,0.16393181818181818,0.2048580966822366
MAC003223,0.8002213280156519,2,6,0.4194261359848485,0.5241376620452245
MAC003223,0.8002213280156519,2,7,0.7695606054924243,0.9616846971583993
MAC003223,0.8002213280156519,2,8,0.8506287880681819,1.062991897726005
MAC003223,0.8002213280156519,2,9,1.084462121401515,1.3552027213404934
MAC003223,0.8002213280156519,2,10,1.1392102265151514,1.4236189247043776
MAC003223,0.8002213280156519,2,11,1.0082821973484848,1.2600041539117328
MAC003223,0.8002213280156519,2,12,0.9535383167455062,1.1915932297256333
MAC003223,0.8002213280156519,2,13,0.959036897256386,1.19846455434343
MAC003223,0.8002213280156519,2,14,1.0712079404536863,1.338639577515402
MAC003223,0.8002213280156519,2,15,1.0944272207939507,1.3676556503534536
MAC003223,0.8002213280156519,2,16,1.0678449897920606,1.3344370518592001
MAC003223,0.8002213280156519,2,17,1.102688090926276,1.3779788819933927
MAC003223,0.8002213280156519,2,18,1.1305179599243858,1.412756596637816
MAC003223,0.8002213280156519,2,19,1.126466918147448,1.4076941949807853
MAC003223,0.8002213280156519,2,20,1.1226244100283822,1.4028923882998832
MAC003223,0.8002213280156519,2,21,1.1267807190926276,1.408086337672055
MAC003223,0.8002213280156519,2,22,1.043258979395085,1.3037130389689882
MAC003223,0.8002213280156519,2,23,0.7632665398865784,0.9538192911944599
MAC003239,0.31608098053644845,2,0,0.14325426944971537,0.4532201501228771
MAC003239,0.31608098053644845,2,1,0.13937381404174573,0.4409433740847119
MAC003239,0.31608098053644845,2,2,0.13975521821631878,0.4421500400913971
MAC003239,0.31608098053644845,2,3,0.13878178349146109,0.4390703396829587
MAC003239,0.31608098053644845,2,4,0.1388273244781784,0.43921441980647646
MAC003239,0.31608098053644845,2,5,0.1363491461100569,0.43137409241975566
MAC003239,0.31608098053644845,2,6,0.21416888026565464,0.6775759803774655
MAC003239,0.31608098053644845,2,7,0.29543074003795067,0.9346678801633351
MAC003239,0.31608098053644845,2,8,0.34124478178368123,1.079611880488744
MAC003239,0.31608098053644845,2,9,0.3596818181818182,1.1379419842705214
MAC003239,0.31608098053644845,2,10,0.20878977272727273,0.6605578493616335
MAC003239,0.31608098053644845,2,11,0.24536553049242424,0.7762742638800763
MAC003239,0.31608098053644845,2,12,0.31482386363636367,0.9960228011886345
MAC003239,0.31608098053644845,2,13,0.3460473482954545,1.0948059820244405
MAC003239,0.31608098053644845,2,14,0.3139943178030303,0.9933983287134939
MAC003239,0.31608098053644845,2,15,0.3665814393939394,1.1597706346385734
MAC003239,0.31608098053644845,2,16,0.4929469698863636,1.5595591011194048
MAC003239,0.31608098053644845,2,17,0.5337878787878787,1.6887693713235798
MAC003239,0.31608098053644845,2,18,0.5821723486742425,1.8418455539026337
MAC003239,0.31608098053644845,2,19,0.5918503784090909,1.8724643836671548
MAC003239,0.31608098053644845,2,20,0.4557651513257576,1.441925264064415
MAC003239,0.31608098053644845,2,21,0.43949810587121213,1.3904604608771518
MAC003239,0.31608098053644845,2,22,0.43502083333333336,1.3762955069141514
MAC003239,0.31608098053644845,2,23,0.2124318181818182,0.6720803568164138
MAC003252,0.5363635260098997,2,0,0.34133204633204633,0.6363819122289579
MAC003252,0.5363635260098997,2,1,0.27127799227799226,0.5057726320357311
MAC003252,0.5363635260098997,2,2,0.23565057915057916,0.4393486277928409
MAC003252,0.5363635260098997,2,3,0.21632239382239385,0.40331302061430846
MAC003252,0.5363635260098997,2,4,0.209011583011583,0.38968269256945204
MAC003252,0.5363635260098997,2,5,0.2061833976833977,0.3844098035845789
MAC003252,0.5363635260098997,2,6,0.2405057915057915,0.4484007204870088
MAC003252,0.5363635260098997,2,7,0.3911949808880309,0.7293467245959051
MAC003252,0.5363635260098997,2,8,0.5461621621621621,1.0182686474323788
MAC003252,0.5363635260098997,2,9,0.5435772194980696,1.0134492618128488
MAC003252,0.5363635260098997,2,10,0.5305019299227799,0.9890715982670836
MAC003252,0.5363635260098997,2,11,0.4460810814671815,0.8316767636786476
MAC003252,0.5363635260098997,2,12,0.46533204613899615,0.8675684001122915
MAC003252,0.5363635260098997,2,13,0.5334343627413127,0.9945388470197116
MAC003252,0.5363635260098997,2,14,0.661837838030888,1.2339352061360571
MAC003252,0.5363635260098997,2,15,0.724374516988417,1.3505290383504698
MAC003252,0.5363635260098997,2,16,0.8067111101449276,1.5040379724292403
MAC003252,0.5363635260098997,2,17,0.9189382243243243,1.7132750080164165
MAC003252,0.5363635260098997,2,18,0.9955945942084943,1.856193693137364
MAC003252,0.5363635260098997,2,19,0.9531988420849421,1.7771507491867538
MAC003252,0.5363635260098997,2,20,0.8177084947876447,1.5245415751341604
MAC003252,0.5363635260098997,2,21,0.7194092662162161,1.3412717892434356
MAC003252,0.5363635260098997,2,22,0.6300482635135135,1.1746664956891284
MAC003252,0.5363635260098997,2,23,0.46833590733590735,0.8731688204452278
MAC003305,0.6575501486257033,2,0,0.44912943413231066,0.6830344956517806
MAC003305,0.6575501486257033,2,1,0.3489663786743516,0.5307068660902903
MAC003305,0.6575501486257033,2,2,0.3351113245681382,0.5096361475524407
MAC003305,0.6575501486257033,2,3,0.32663339731285984,0.49674294499899674
MAC003305,0.6575501486257033,2,4,0.32720537428023033,0.49761280559984356
MAC003305,0.6575501486257033,2,5,0.3373761996161228,0.51308056172027
MAC003305,0.6575501486257033,2,6,0.38458541266794627,0.5848761702384825
MAC003305,0.6575501486257033,2,7,0.44429558541266795,0.6756831951772152
MAC003305,0.6575501486257033,2,8,0.5398579654510557,0.8210141334153338
MAC003305,0.6575501486257033,2,9,0.614700575815739,0.9348345173375431
MAC003305,0.6575501486257033,2,10,0.6424180253116012,0.9769871190117916
MAC003305,0.6575501486257033,2,11,0.5990977013409962,0.9111057196065209
MAC003305,0.6575501486257033,2,12,0.6233045975095786,0.9479194838786079
MAC003305,0.6575501486257033,2,13,0.6579750957854407,1.0006462581760882
MAC003305,0.6575501486257033,2,14,0.6629061302681992,1.0081453584242817
MAC003305,0.6575501486257033,2,15,0.6619923367816092,1.0067556644389637
MAC003305,0.6575501486257033,2,16,0.7272969344827587,1.1060706715720892
MAC003305,0.6575501486257033,2,17,0.8991628348659004,1.3674437405955635
MAC003305,0.6575501486257033,2,18,1.0976762461685825,1.669342252393607
MAC003305,0.6575501486257033,2,19,1.1465464999041226,1.7436639658593862
MAC003305,0.6575501486257033,2,20,1.1095249047892721,1.6873616515914531
MAC003305,0.6575501486257033,2,21,1.1560613007662834,1.7581340422209337
MAC003305,0.6575501486257033,2,22,1.0079386988505745,1.532869699683275
MAC003305,0.6575501486257033,2,23,0.6814406122605364,1.0363325347652417
MAC003348,0.49109555472661154,2,0,0.16905417607223477,0.3442388644025616
MAC003348,0.49109555472661154,2,1,0.15019864559819412,0.3058440341244961
MAC003348,0.49109555472661154,2,2,0.14303611738148986,0.2912592386651041
MAC003348,0.49109555472661154,2,3,0.1439119638826185,0.2930426930105955
MAC003348,0.49109555472661154,2,4,0.14395259593679458,0.2931254305833244
MAC003348,0.49109555472661154,2,5,0.14802483069977426,0.3014175739834956
MAC003348,0.49109555472661154,2,6,0.154706546275395,0.31502330816559465
MAC003348,0.49109555472661154,2,7,0.34053047426636573,0.6934098079057872
MAC003348,0.49109555472661154,2,8,0.8648645602708803,1.7610922191147558
MAC003348,0.49109555472661154,2,9,1.0090767483069978,2.05474624763961
MAC003348,0.49109555472661154,2,10,0.8255417609480813,1.6810206343807224
MAC003348,0.49109555472661154,2,11,0.6836162532731377,1.3920228898298634
MAC003348,0.49109555472661154,2,12,0.560851016027088,1.142040506433231
MAC003348,0.49109555472661154,2,13,0.4623002259593679,0.9413651203109062
MAC003348,0.49109555472661154,2,14,0.4034514672686231,0.8215335353487793
MAC003348,0.49109555472661154,2,15,0.47344018013544015,0.9640490034551423
MAC003348,0.49109555472661154,2,16,0.5918757066666667,1.2052149545441488
MAC003348,0.49109555472661154,2,17,0.7247358918735892,1.4757533129719391
MAC003348,0.49109555472661154,2,18,0.709261851241535,1.444244087357652
MAC003348,0.49109555472661154,2,19,0.6284424379232505,1.2796744582082376
MAC003348,0.49109555472661154,2,20,0.616148983972912,1.2546417454662495
MAC003348,0.49109555472661154,2,21,0.7504762977426637,1.528167564376442
MAC003348,0.49109555472661154,2,22,0.6863002250564334,1.3974881638635286
MAC003348,0.49109555472661154,2,23,0.40249435665914224,0.8195846058578299
MAC003388,1.204751784997349,2,0,0.7907594212560387,0.6563670883108745
MAC003388,1.204751784997349,2,1,0.4995411421103582,0.4146423755756937
MAC003388,1.204751784997349,2,2,0.3955222437137331,0.32830185324407174
MAC003388,1.204751784997349,2,3,0.3659323017408124,0.30374082553579085
MAC003388,1.204751784997349,2,4,0.4813268858800774,0.39952369597953036
MAC003388,1.204751784997349,2,5,0.7532572529980657,0.6252385448839349
MAC003388,1.204751784997349,2,6,0.7314796899419729,0.6071621549359916
MAC003388,1.204751784997349,2,7,0.7387911023210832,0.6132309671761216
MAC003388,1.204751784997349,2,8,0.9761856866537717,0.8102795105266598
MAC003388,1.204751784997349,2,9,1.1834845571428572,0.982347211998911
MAC003388,1.204751784997349,2,10,1.254079150772201,1.040944007213038
MAC003388,1.204751784997349,2,11,1.223901545945946,1.0158951920113892
MAC003388,1.204751784997349,2,12,1.3174498086872586,1.0935445998863222
MAC003388,1.204751784997349,2,13,1.3256389976833978,1.1003420075333732
MAC003388,1.204751784997349,2,14,1.3612181465250965,1.129874355428402
MAC003388,1.204751784997349,2,15,1.351915057915058,1.1221523593077996
MAC003388,1.204751784997349,2,16,1.494895751930502,1.2408329836454994
MAC003388,1.204751784997349,2,17,1.8023552115830117,1.4960386313824616
MAC003388,1.204751784997349,2,18,2.2018860996138994,1.8276678458033946
MAC003388,1.204751784997349,2,19,2.263498068725869,1.8788086449947443
MAC003388,1.204751784997349,2,20,1.9359536687258687,1.6069315628614143
MAC003388,1.204751784997349,2,21,1.7939555999999999,1.4890665632040938
MAC003388,1.204751784997349,2,22,1.5420347523166023,1.2799605458314347
MAC003388,1.204751784997349,2,23,1.1289806957528958,0.9371064727290527
MAC003394,1.143631697669979,2,0,0.7638950435374149,0.6679554659894136
MAC003394,1.143631697669979,2,1,0.5925291824902724,0.5181118918769776
MAC003394,1.143631697669979,2,2,0.5337723733463036,0.4667345041535704
MAC003394,1.143631697669979,2,3,0.5817062252918287,0.5086482181955867
MAC003394,1.143631697669979,2,4,0.6753774321011673,0.5905550130143934
MAC003394,1.143631697669979,2,5,0.8720466924124514,0.7625240662611472
MAC003394,1.143631697669979,2,6,1.0002918284046693,0.8746625600205481
MAC003394,1.143631697669979,2,7,0.862640077237354,0.7542988525019779
MAC003394,1.143631697669979,2,8,0.9543871597276264,0.8345231788101738
MAC003394,1.143631697669979,2,9,0.9969571976653695,0.8717467342821624
MAC003394,1.143631697669979,2,10,1.0358542274052478,0.9057585842677187
MAC003394,1.143631697669979,2,11,1.0024699025242718,0.8765670841116869
MAC003394,1.143631697669979,2,12,1.011741747184466,0.8846744535375997
MAC003394,1.143631697669979,2,13,1.0096873780582525,0.8828780980060076
MAC003394,1.143631697669979,2,14,1.0062504858252428,0.8798728540625143
MAC003394,1.143631697669979,2,15,1.0365281553398058,0.9063478718293795
MAC003394,1.143631697669979,2,16,1.1326951446601943,0.9904369973024824
MAC003394,1.143631697669979,2,17,1.4850776673786408,1.298562876846033
MAC003394,1.143631697669979,2,18,1.8968019394174758,1.6585776201219296
MAC003394,1.143631697669979,2,19,2.0537106786407766,1.7957797801730935
MAC003394,1.143631697669979,2,20,2.1766407772815533,1.9032707660308945
MAC003394,1.143631697669979,2,21,1.9484139935860059,1.703707581344309
MAC003394,1.143631697669979,2,22,1.6414135906796117,1.4352641624255496
MAC003394,1.143631697669979,2,23,1.1762718438834951,1.0285407848348527
MAC003428,1.0927926300360082,2,0,0.5751797867832847,0.5263393721499862
MAC003428,1.0927926300360082,2,1,0.4655462521908471,0.42601518293137375
MAC003428,1.0927926300360082,2,2,0.4525856029182879,0.4141550651777135
MAC003428,1.0927926300360082,2,3,0.44214786050583654,0.40460362593337357
MAC003428,1.0927926300360082,2,4,0.42999221032132423,0.3934801521375155
MAC003428,1.0927926300360082,2,5,0.43925486381322953,0.4019562831410711
MAC003428,1.0927926300360082,2,6,0.5378579760700389,0.4921866796011574
MAC003428,1.0927926300360082,2,7,0.8472256824902724,0.775284952701736
MAC003428,1.0927926300360082,2,8,1.262887157003891,1.1556512391214409
MAC003428,1.0927926300360082,2,9,1.430220058617332,1.3087753516147023
MAC003428,1.0927926300360082,2,10,1.4519163398832684,1.3286293300087746
MAC003428,1.0927926300360082,2,11,1.3305817118677044,1.2175976258403762
MAC003428,1.0927926300360082,2,12,1.0591848260700387,0.9692459456238627
MAC003428,1.0927926300360082,2,13,1.1015879498542274,1.0080484801749892
MAC003428,1.0927926300360082,2,14,1.0877395537414967,0.9953759970962239
MAC003428,1.0927926300360082,2,15,1.1378174772815532,1.0412016388178436
MAC003428,1.0927926300360082,2,16,1.3448912611650485,1.2306921040643672
MAC003428,1.0927926300360082,2,17,1.5281300980582524,1.3983715263598544
MAC003428,1.0927926300360082,2,18,1.6670796110679613,1.5255223774825695
MAC003428,1.0927926300360082,2,19,1.833918286770428,1.6781942304186286
MAC003428,1.0927926300360082,2,20,1.75620019494655,1.6070754383552917
MAC003428,1.0927926300360082,2,21,1.660709426627794,1.5196931064341754
MAC003428,1.0927926300360082,2,22,1.4770038836893205,1.3515866076445375
MAC003428,1.0927926300360082,2,23,0.9073650491262136,0.8303176871684387
MAC003449,2.049872644957254,2,0,1.1054321953170732,0.5392687189794294
MAC003449,2.049872644957254,2,1,1.0358378912109374,0.5053181687941095
MAC003449,2.049872644957254,2,2,1.0411464845703124,0.5079078874151343
MAC003449,2.049872644957254,2,3,1.0345410158203125,0.5046855073486216
MAC003449,2.049872644957254,2,4,1.0531093751953124,0.5137438063706016
MAC003449,2.049872644957254,2,5,1.0975581595307917,0.5354274872786934
MAC003449,2.049872644957254,2,6,1.9453417986328125,0.9490061752950407
MAC003449,2.049872644957254,2,7,2.8545376342130986,1.3925438935122842
MAC003449,2.049872644957254,2,8,2.965523432421875,1.4466866708608208
MAC003449,2.049872644957254,2,9,2.6902443794721407,1.3123958632699546
MAC003449,2.049872644957254,2,10,2.4096617784946233,1.175517798348332
MAC003449,2.049872644957254,2,11,1.8772214665365854,0.9157746805171553
MAC003449,2.049872644957254,2,12,1.3626666699805068,0.6647567463923704
MAC003449,2.049872644957254,2,13,1.9529941508771929,0.9527392619642079
MAC003449,2.049872644957254,2,14,2.4594736844054577,1.199817798659753
MAC003449,2.049872644957254,2,15,1.8790155964912283,0.9166499202346355
MAC003449,2.049872644957254,2,16,1.4304541920077973,0.6978258847088652
MAC003449,2.049872644957254,2,17,2.2665146220272905,1.105685578859244
MAC003449,2.049872644957254,2,18,3.3831169637426903,1.6504034882680425
MAC003449,2.049872644957254,2,19,3.7543395147317074,1.8314989099286199
MAC003449,2.049872644957254,2,20,3.528194930019493,1.721177624716811
MAC003449,2.049872644957254,2,21,2.8522397658869396,1.3914229124933843
MAC003449,2.049872644957254,2,22,1.876265107017544,0.9153081346947141
MAC003449,2.049872644957254,2,23,1.3415126703703704,0.6544370810891742
MAC003463,0.6464668648305076,2,0,0.2719008,0.42059510671330025
MAC003463,0.6464668648305076,2,1,0.23621725239616614,0.3653973084267795
MAC003463,0.6464668648305076,2,2,0.2340447284345048,0.3620366969556394
MAC003463,0.6464668648305076,2,3,0.23370607028753995,0.361512836932197
MAC003463,0.6464668648305076,2,4,0.2369073482428115,0.36646479677643573
MAC003463,0.6464668648305076,2,5,0.268297124600639,0.4150206904587164
MAC003463,0.6464668648305076,2,6,0.38536421725239617,0.5961082279962361
MAC003463,0.6464668648305076,2,7,0.5464568690095847,0.84529756858127
MAC003463,0.6464668648305076,2,8,0.6199648555910543,0.9590048451340167
MAC003463,0.6464668648305076,2,9,0.5987444089456869,0.9261795793705023
MAC003463,0.6464668648305076,2,10,0.7232396162939297,1.1187574423996975
MAC003463,0.6464668648305076,2,11,0.8081086249201278,1.250038739622022
MAC003463,0.6464668648305076,2,12,0.7707188498402556,1.1922016297653937
MAC003463,0.6464668648305076,2,13,0.7458434504792333,1.1537226284208402
MAC003463,0.6464668648305076,2,14,0.7220318471337579,1.116889180891061
MAC003463,0.6464668648305076,2,15,0.8009713372611466,1.2389982856602362
MAC003463,0.6464668648305076,2,16,0.9603694267515923,1.485566359233871
MAC003463,0.6464668648305076,2,17,1.1483662429936305,1.7763729364454157
MAC003463,0.6464668648305076,2,18,1.216277068152866,1.8814221336336439
MAC003463,0.6464668648305076,2,19,1.138630572611465,1.7613131230012757
MAC003463,0.6464668648305076,2,20,0.9512802557324841,1.4715065960602531
MAC003463,0.6464668648305076,2,21,0.8796586928229665,1.360717371111662
MAC003463,0.6464668648305076,2,22,0.615025478343949,0.9513642721737919
MAC003463,0.6464668648305076,2,23,0.40307961783439494,0.6235116442357419
MAC003557,0.41615332002075656,2,0,0.23178132678132676,0.5569613784885007
MAC003557,0.41615332002075656,2,1,0.1695872235872236,0.4075114036787333
MAC003557,0.41615332002075656,2,2,0.14735380835380835,0.3540853845560063
MAC003557,0.41615332002075656,2,3,0.1347985257985258,0.3239155362062291
MAC003557,0.41615332002075656,2,4,0.13115724815724816,0.3151656897768025
MAC003557,0.41615332002075656,2,5,0.157968058968059,0.37959100977538757
MAC003557,0.41615332002075656,2,6,0.19916953316953317,0.4785965258179345
MAC003557,0.41615332002075656,2,7,0.3621007371007371,0.8701137770153474
MAC003557,0.41615332002075656,2,8,0.4846470588235294,1.1645877504938722
MAC003557,0.41615332002075656,2,9,0.3985955882352941,0.9578094636260821
MAC003557,0.41615332002075656,2,10,0.3118676470588235,0.7494056446390202
MAC003557,0.41615332002075656,2,11,0.2681372549019608,0.6443232385808837
MAC003557,0.41615332002075656,2,12,0.2744436272058824,0.6594772022777421
MAC003557,0.41615332002075656,2,13,0.28452941176470586,0.6837129444275835
MAC003557,0.41615332002075656,2,14,0.292949693006135,0.7039465478529007
MAC003557,0.41615332002075656,2,15,0.3392579852579853,0.8152235460744709
MAC003557,0.41615332002075656,2,16,0.44077941176470586,1.0591755263245792
MAC003557,0.41615332002075656,2,17,0.5957377455882353,1.4315342853891484
MAC003557,0.41615332002075656,2,18,0.8431151948529412,2.0259725305348733
MAC003557,0.41615332002075656,2,19,1.0993226991411043,2.6416290493279573
MAC003557,0.41615332002075656,2,20,0.9405710774509805,2.2601551692632595
MAC003557,0.41615332002075656,2,21,0.7504803921568628,1.8033747564946279
MAC003557,0.41615332002075656,2,22,0.6717279409313724,1.6141357250204529
MAC003557,0.41615332002075656,2,23,0.45760049044117646,1.0995959143576042
MAC003597,1.2005490903914469,2,0,0.7130267593657086,0.593917204279603
MAC003597,1.2005490903914469,2,1,0.7054503966269842,0.5876064563065617
MAC003597,1.2005490903914469,2,2,0.6985277777777777,0.5818402457412368
MAC003597,1.2005490903914469,2,3,0.6939980158730158,0.5780671706200146
MAC003597,1.2005490903914469,2,4,0.6898948412698412,0.5746494223279921
MAC003597,1.2005490903914469,2,5,0.6899166666666667,0.5746676018401837
MAC003597,1.2005490903914469,2,6,0.7223869047619048,0.6017137579325189
MAC003597,1.2005490903914469,2,7,0.8092499998015873,0.6740665636069293
MAC003597,1.2005490903914469,2,8,0.9662323735849057,0.804825376419934
MAC003597,1.2005490903914469,2,9,1.0499206343253968,0.8745336968961955
MAC003597,1.2005490903914469,2,10,1.0654603176587303,0.8874775102376946
MAC003597,1.2005490903914469,2,11,1.1800258196623634,0.9829050965984308
MAC003597,1.2005490903914469,2,12,1.228551040039643,1.0233242854226527
MAC003597,1.2005490903914469,2,13,1.2006950493069308,1.0001215767990266
MAC003597,1.2005490903914469,2,14,1.2194198005940595,1.0157183994837393
MAC003597,1.2005490903914469,2,15,1.2521544542574259,1.0429848011039289
MAC003597,1.2005490903914469,2,16,1.4323920772277228,1.1931141247715926
MAC003597,1.2005490903914469,2,17,1.8488415807920793,1.5399966528559466
MAC003597,1.2005490903914469,2,18,2.1658039584158417,1.80401116101772
MAC003597,1.2005490903914469,2,19,2.127053466336634,1.7717338535845246
MAC003597,1.2005490903914469,2,20,2.0777544534653463,1.7306701326039744
MAC003597,1.2005490903914469,2,21,1.982223762970297,1.6510976342699824
MAC003597,1.2005490903914469,2,22,1.4508851469306931,1.2085179677722488
MAC003597,1.2005490903914469,2,23,0.8433128716831683,0.7024393075073678
MAC003646,0.4449044598089555,2,0,0.1674041708043694,0.37626993192258334
MAC003646,0.4449044598089555,2,1,0.15830218687872763,0.3558116431260399
MAC003646,0.4449044598089555,2,2,0.15460437375745528,0.3475001662690531
MAC003646,0.4449044598089555,2,3,0.15410536779324055,0.3463785637469543
MAC003646,0.4449044598089555,2,4,0.15186878727634195,0.34135146080926065
MAC003646,0.4449044598089555,2,5,0.18429423459244534,0.4142332820659571
MAC003646,0.4449044598089555,2,6,0.418230616500994,0.9400459071158438
MAC003646,0.4449044598089555,2,7,0.6834075546719682,1.5360771051057285
MAC003646,0.4449044598089555,2,8,0.6007004971144279,1.3501786369423496
MAC003646,0.4449044598089555,2,9,0.5191451292246521,1.1668687912177278
MAC003646,0.4449044598089555,2,10,0.4386454814299901,0.9859318596589186
MAC003646,0.4449044598089555,2,11,0.43031212664015905,0.9672011982638644
MAC003646,0.4449044598089555,2,12,0.44079365138888893,0.9907602445211905
MAC003646,0.4449044598089555,2,13,0.4042063490079365,0.9085239315908521
MAC003646,0.4449044598089555,2,14,0.3709285718253968,0.8337263510118007
MAC003646,0.4449044598089555,2,15,0.39010515813492064,0.8768290574170329
MAC003646,0.4449044598089555,2,16,0.47278174603174605,1.0626590397290268
MAC003646,0.4449044598089555,2,17,0.6323789682539682,1.4213814995819898
MAC003646,0.4449044598089555,2,18,0.7294305555555555,1.639521788270626
MAC003646,0.4449044598089555,2,19,0.8937896823412699,2.0089474552021085
MAC003646,0.4449044598089555,2,20,0.9802063492063492,2.203183914198692
MAC003646,0.4449044598089555,2,21,0.7380317466269842,1.6588544581996307
MAC003646,0.4449044598089555,2,22,0.3678055557539682,0.8267068302976914
MAC003646,0.4449044598089555,2,23,0.1962281746031746,0.44105688373507446
MAC003668,1.5424902635970899,2,0,0.9178121872127872,0.595019760495893
MAC003668,1.5424902635970899,2,1,0.5867420002,0.380386193707127
MAC003668,1.5424902635970899,2,2,0.5487139996,0.35573255309916707
MAC003668,1.5424902635970899,2,3,0.5406640004,0.35051372002774955
MAC003668,1.5424902635970899,2,4,0.532882,0.3454686311972682
MAC003668,1.5424902635970899,2,5,0.524752,0.3401979334224629
MAC003668,1.5424902635970899,2,6,0.7680839998,0.49795063082526486
MAC003668,1.5424902635970899,2,7,1.4158799982,0.917918272558924
MAC003668,1.5424902635970899,2,8,1.2929830185814186,0.8382438768632354
MAC003668,1.5424902635970899,2,9,1.396369261477046,0.9052694168848175
MAC003668,1.5424902635970899,2,10,1.4038043906187625,0.9100896282775156
MAC003668,1.5424902635970899,2,11,1.3096203806193805,0.849029917093508
MAC003668,1.5424902635970899,2,12,1.3660239510978043,0.8855964820887973
MAC003668,1.5424902635970899,2,13,1.3915748512974053,0.9021611896935093
MAC003668,1.5424902635970899,2,14,1.383692615768463,0.8970511181974592
MAC003668,1.5424902635970899,2,15,1.4144510996007984,0.9169919142972716
MAC003668,1.5424902635970899,2,16,1.5993513,1.0368631412105709
MAC003668,1.5424902635970899,2,17,2.039285428942116,1.3220734529542502
MAC003668,1.5424902635970899,2,18,2.6715768461077842,1.7319894388685881
MAC003668,1.5424902635970899,2,19,3.291395205788423,2.133819112811049
MAC003668,1.5424902635970899,2,20,3.2106047954091816,2.0814425031909414
MAC003668,1.5424902635970899,2,21,3.075910182035928,1.9941196742875384
MAC003668,1.5424902635970899,2,22,2.6255908165668664,1.7021765897205627
MAC003668,1.5424902635970899,2,23,1.712001997005988,1.1098948482265272
MAC003686,0.678135073381361,2,0,0.4467187185185185,0.6587459284343762
MAC003686,0.678135073381361,2,1,0.39703006032064125,0.5854734195371201
MAC003686,0.678135073381361,2,2,0.3849819639278557,0.567706905363608
MAC003686,0.678135073381361,2,3,0.3811603206412826,0.56207138607463
MAC003686,0.678135073381361,2,4,0.3870861723446894,0.570809839424136
MAC003686,0.678135073381361,2,5,0.4071442885771543,0.600388188959207
MAC003686,0.678135073381361,2,6,0.48843687374749495,0.720264874830938
MAC003686,0.678135073381361,2,7,0.6754949897795591,0.9961068469904709
MAC003686,0.678135073381361,2,8,0.7359078160320641,1.0851935623424296
MAC003686,0.678135073381361,2,9,0.760886659779338,1.12202817645953
MAC003686,0.678135073381361,2,10,0.7722104220440882,1.138726564006847
MAC003686,0.678135073381361,2,11,0.7866853699398798,1.1600717922128083
MAC003686,0.678135073381361,2,12,0.7191000006,1.0604082119132654
MAC003686,0.678135073381361,2,13,0.7043700012,1.0386868764770192
MAC003686,0.678135073381361,2,14,0.6381080004,0.9409747783995667
MAC003686,0.678135073381361,2,15,0.6284040004,0.9266649448857014
MAC003686,0.678135073381361,2,16,0.6741001001001001,0.9940498973734813
MAC003686,0.678135073381361,2,17,0.7414759992000001,1.093404586055112
MAC003686,0.678135073381361,2,18,0.8995960014,1.326573475862819
MAC003686,0.678135073381361,2,19,1.0520179995999999,1.5513399039432654
MAC003686,0.678135073381361,2,20,1.0775540004,1.5889961199426397
MAC003686,0.678135073381361,2,21,1.0460620005999999,1.5425569944112427
MAC003686,0.678135073381361,2,22,0.8663660009999999,1.277571438209308
MAC003686,0.678135073381361,2,23,0.6043440005999999,0.8911852878904799
MAC003719,0.5699425622659465,2,0,0.3375546639919759,0.5922608458121543
MAC003719,0.5699425622659465,2,1,0.2615582329317269,0.45892033732634036
MAC003719,0.5699425622659465,2,2,0.23670481927710843,0.41531346305499683
MAC003719,0.5699425622659465,2,3,0.23067670682730923,0.4047367613855638
MAC003719,0.5699425622659465,2,4,0.2572871485943775,0.4514264517664189
MAC003719,0.5699425622659465,2,5,0.2970421686746988,0.521179129864832
MAC003719,0.5699425622659465,2,6,0.3358674698795181,0.5893005578390119
MAC003719,0.5699425622659465,2,7,0.3897670682730924,0.6838707864235963
MAC003719,0.5699425622659465,2,8,0.5167991967871486,0.9067566295320822
MAC003719,0.5699425622659465,2,9,0.5614257028112449,0.9850566354952669
MAC003719,0.5699425622659465,2,10,0.4937811251004016,0.86636997794524
MAC003719,0.5699425622659465,2,11,0.4591044164658634,0.8055275160370216
MAC003719,0.5699425622659465,2,12,0.46990763032128513,0.8244824328491138
MAC003719,0.5699425622659465,2,13,0.5614483452357072,0.9850963630502195
MAC003719,0.5699425622659465,2,14,0.6517535074148297,1.1435424384233102
MAC003719,0.5699425622659465,2,15,0.7081322645290581,1.2424625065966375
MAC003719,0.5699425622659465,2,16,0.8007615224448897,1.4049863538200513
MAC003719,0.5699425622659465,2,17,0.9533346693386774,1.6726855168500865
MAC003719,0.5699425622659465,2,18,1.044523046492986,1.8326812483353205
MAC003719,0.5699425622659465,2,19,0.9650761527054109,1.6932866864136515
MAC003719,0.5699425622659465,2,20,0.9694042128385155,1.7008805395835174
MAC003719,0.5699425622659465,2,21,0.9184669344689379,1.6115078874217557
MAC003719,0.5699425622659465,2,22,0.7423807617234469,1.3025536446548753
MAC003719,0.5699425622659465,2,23,0.515863727254509,0.9051152895189406
MAC003737,0.4212104089020234,2,0,0.1536,0.3646633529318324
MAC003737,0.4212104089020234,2,1,0.14071227344064388,0.3340664676531643
MAC003737,0.4212104089020234,2,2,0.13377263581488932,0.3175910019973078
MAC003737,0.4212104089020234,2,3,0.13396780684104626,0.3180543595545573
MAC003737,0.4212104089020234,2,4,0.1333903420523139,0.3166833944109426
MAC003737,0.4212104089020234,2,5,0.21289738430583502,0.505441887964731
MAC003737,0.4212104089020234,2,6,0.38580482937625754,0.9159432464690077
MAC003737,0.4212104089020234,2,7,0.42241649879275656,1.0028633905175257
MAC003737,0.4212104089020234,2,8,0.5288993959758551,1.2556655410167723
MAC003737,0.4212104089020234,2,9,0.6422052315895372,1.5246661004023736
MAC003737,0.4212104089020234,2,10,0.5806465871485944,1.3785190842319783
MAC003737,0.4212104089020234,2,11,0.4490582327309237,1.0661138073522252
MAC003737,0.4212104089020234,2,12,0.41306224939759034,0.9806553700188155
MAC003737,0.4212104089020234,2,13,0.3770421684738956,0.8951397223462214
MAC003737,0.4212104089020234,2,14,0.33583534116465863,0.7973101662897804
MAC003737,0.4212104089020234,2,15,0.36388955843373494,0.8639139744487613
MAC003737,0.4212104089020234,2,16,0.5583393582329317,1.325559260722841
MAC003737,0.4212104089020234,2,17,0.8777951807228915,2.0839826418607643
MAC003737,0.4212104089020234,2,18,0.8716827305220884,2.0694710104489564
MAC003737,0.4212104089020234,2,19,0.7298793975879397,1.7328142471372663
MAC003737,0.4212104089020234,2,20,0.6914558238955822,1.6415924423568078
MAC003737,0.4212104089020234,2,21,0.485475903815261,1.152573377948469
MAC003737,0.4212104089020234,2,22,0.28665261024096383,0.6805449347469504
MAC003737,0.4212104089020234,2,23,0.20056827309236946,0.47617121717194577
MAC003805,0.5319017412964974,2,0,0.4550131712259372,0.8554459139706027
MAC003805,0.5319017412964974,2,1,0.32929208924949294,0.6190844354952695
MAC003805,0.5319017412964974,2,2,0.23345841784989857,0.4389126782718354
MAC003805,0.5319017412964974,2,3,0.1942231237322515,0.36514850141087607
MAC003805,0.5319017412964974,2,4,0.19232454361054768,0.36157908252332727
MAC003805,0.5319017412964974,2,5,0.22560649087221096,0.42415069054352167
MAC003805,0.5319017412964974,2,6,0.3191217038539554,0.5999636381638912
MAC003805,0.5319017412964974,2,7,0.4363630829614604,0.820382881052121
MAC003805,0.5319017412964974,2,8,0.47644016227180525,0.8957296532071771
MAC003805,0.5319017412964974,2,9,0.459480730020284,0.8638451321860896
MAC003805,0.5319017412964974,2,10,0.4706395939086294,0.8848243150350609
MAC003805,0.5319017412964974,2,11,0.5305369807497466,0.9974341867288794
MAC003805,0.5319017412964974,2,12,0.5925668018218623,1.114053133906829
MAC003805,0.5319017412964974,2,13,0.6042753038461539,1.1360656620022482
MAC003805,0.5319017412964974,2,14,0.5673259105263159,1.06659908490518
MAC003805,0.5319017412964974,2,15,0.5286477730769231,0.9938823884809198
MAC003805,0.5319017412964974,2,16,0.5843866394736842,1.0986740484234103
MAC003805,0.5319017412964974,2,17,0.6982712550607288,1.3127824198482785
MAC003805,0.5319017412964974,2,18,0.8926497975708502,1.6782231157864578
MAC003805,0.5319017412964974,2,19,1.0724008097165991,2.0161633746538383
MAC003805,0.5319017412964974,2,20,0.9330850212550608,1.7542432160133357
MAC003805,0.5319017412964974,2,21,0.7655607287449393,1.4392897584409179
MAC003805,0.5319017412964974,2,22,0.6441619431174089,1.2110543980308845
MAC003805,0.5319017412964974,2,23,0.5598097165991903,1.0524682909190481
MAC003844,0.6099970951882867,2,0,0.43503160040774724,0.7131699541511207
MAC003844,0.6099970951882867,2,1,0.28975918367346937,0.47501731722842044
MAC003844,0.6099970951882867,2,2,0.2419897957142857,0.39670647224900496
MAC003844,0.6099970951882867,2,3,0.23685510204081633,0.3882889015524028
MAC003844,0.6099970951882867,2,4,0.24134693877551022,0.39565260339643765
MAC003844,0.6099970951882867,2,5,0.27091632653061226,0.44412724038790546
MAC003844,0.6099970951882867,2,6,0.39637959163265307,0.6498057035997906
MAC003844,0.6099970951882867,2,7,0.6158877555102041,1.0096568661857301
MAC003844,0.6099970951882867,2,8,0.697366599592668,1.1432293778012388
MAC003844,0.6099970951882867,2,9,0.606458248676171,0.9941985846489592
MAC003844,0.6099970951882867,2,10,0.5599470468431772,0.9179503496985332
MAC003844,0.6099970951882867,2,11,0.5456680242362525,0.8945420044464673
MAC003844,0.6099970951882867,2,12,0.5562219945010183,0.9118436774347757
MAC003844,0.6099970951882867,2,13,0.5706354386965377,0.9354723869962047
MAC003844,0.6099970951882867,2,14,0.5202566197556008,0.8528837659382855
MAC003844,0.6099970951882867,2,15,0.5278248468431772,0.8652907546719619
MAC003844,0.6099970951882867,2,16,0.655317717922607,1.0742964566418651
MAC003844,0.6099970951882867,2,17,0.8903462313645621,1.4595909363957553
MAC003844,0.6099970951882867,2,18,0.9740488798370671,1.596809046338834
MAC003844,0.6099970951882867,2,19,1.0549063134419552,1.7293628474023128
MAC003844,0.6099970951882867,2,20,1.1302426093781857,1.8528655600061763
MAC003844,0.6099970951882867,2,21,1.0722953138492872,1.757869541195608
MAC003844,0.6099970951882867,2,22,0.8851283089613035,1.451036924508784
MAC003844,0.6099970951882867,2,23,0.6650997963340123,1.0903327271234253
MAC003851,0.5614048029159193,2,0,0.2181057985757884,0.38850005814512734
MAC003851,0.5614048029159193,2,1,0.19456415478615072,0.34656660180958637
MAC003851,0.5614048029159193,2,2,0.19134215885947045,0.3408274347950804
MAC003851,0.5614048029159193,2,3,0.18623625254582485,0.3317325601393495
MAC003851,0.5614048029159193,2,4,0.18693075356415478,0.33296963722654704
MAC003851,0.5614048029159193,2,5,0.2809775967413442,0.5004901904685446
MAC003851,0.5614048029159193,2,6,0.5687780038696538,1.0131334839236115
MAC003851,0.5614048029159193,2,7,0.8130081464358452,1.448167422532023
MAC003851,0.5614048029159193,2,8,0.7632627289205702,1.3595586018434596
MAC003851,0.5614048029159193,2,9,0.5892138496945011,1.0495347503871404
MAC003851,0.5614048029159193,2,10,0.4900243906504065,0.8728539337484019
MAC003851,0.5614048029159193,2,11,0.43832520365853656,0.7807649692020604
MAC003851,0.5614048029159193,2,12,0.4802012201219512,0.8553564515796815
MAC003851,0.5614048029159193,2,13,0.5054954215666327,0.9004116440420621
MAC003851,0.5614048029159193,2,14,0.4461890241869919,0.7947723672286019
MAC003851,0.5614048029159193,2,15,0.45002642276422766,0.8016077176874944
MAC003851,0.5614048029159193,2,16,0.5380345532520325,0.9583718387471885
MAC003851,0.5614048029159193,2,17,0.8012134152439024,1.427158106026925
MAC003851,0.5614048029159193,2,18,1.1502621941056912,2.0488998101392517
MAC003851,0.5614048029159193,2,19,1.0594146345528455,1.8870779677164826
MAC003851,0.5614048029159193,2,20,1.0195971513733468,1.8161532392982578
MAC003851,0.5614048029159193,2,21,1.053760162195122,1.8770059620472146
MAC003851,0.5614048029159193,2,22,0.747910568902439,1.3322126298489334
MAC003851,0.5614048029159193,2,23,0.3008414634146342,0.5358726214169756
MAC003856,1.433352321149975,2,0,0.9516697239551478,0.6639468258520177
MAC003856,1.433352321149975,2,1,0.6763664278403276,0.47187730320043053
MAC003856,1.433352321149975,2,2,0.5643469387755102,0.3937252066001024
MAC003856,1.433352321149975,2,3,0.5252571428571428,0.3664536172346868
MAC003856,1.433352321149975,2,4,0.5207714285714286,0.3633240905861965
MAC003856,1.433352321149975,2,5,0.5455219611848826,0.38059167528832805
MAC003856,1.433352321149975,2,6,0.6879632283963227,0.47996798710617883
MAC003856,1.433352321149975,2,7,0.9571693873469388,0.6677837494824749
MAC003856,1.433352321149975,2,8,1.3812428579591836,0.9636450421701036
MAC003856,1.433352321149975,2,9,1.4816183695918368,1.0336735412010483
MAC003856,1.433352321149975,2,10,1.6269408181632654,1.135059952920699
MAC003856,1.433352321149975,2,11,1.5637897951020407,1.0910016832758997
MAC003856,1.433352321149975,2,12,1.3826183675510204,0.964604687312153
MAC003856,1.433352321149975,2,13,1.42615306122449,0.9949773270540287
MAC003856,1.433352321149975,2,14,1.3843268651685392,0.965796646603884
MAC003856,1.433352321149975,2,15,1.4127421009174312,0.9856209670655096
MAC003856,1.433352321149975,2,16,1.5537169054989817,1.0839741789739723
MAC003856,1.433352321149975,2,17,1.9494786142566192,1.360083341332686
MAC003856,1.433352321149975,2,18,2.5963971490835034,1.8114158750588414
MAC003856,1.433352321149975,2,19,2.750560082688391,1.9189699853289548
MAC003856,1.433352321149975,2,20,2.5223604887983706,1.7597630753998341
MAC003856,1.433352321149975,2,21,2.4336272918533606,1.6978570138993234
MAC003856,1.433352321149975,2,22,2.0378574352342156,1.4217421670613737
MAC003856,1.433352321149975,2,23,1.467959265580448,1.0241440599912714
MAC003863,0.5813860380317442,2,0,0.3740428134556575,0.643363942350529
MAC003863,0.5813860380317442,2,1,0.30963469387755105,0.5325802025205234
MAC003863,0.5813860380317442,2,2,0.30456326530612243,0.5238572056824884
MAC003863,0.5813860380317442,2,3,0.3056877551020408,0.5257913591061333
MAC003863,0.5813860380317442,2,4,0.30864489795918365,0.5308777262764803
MAC003863,0.5813860380317442,2,5,0.32481836734693875,0.5586965391301733
MAC003863,0.5813860380317442,2,6,0.38923061224489797,0.6694873746239597
MAC003863,0.5813860380317442,2,7,0.5072061224489796,0.8724085018727018
MAC003863,0.5813860380317442,2,8,0.536130612244898,0.9221594210620256
MAC003863,0.5813860380317442,2,9,0.5473604885947047,0.9414751177165667
MAC003863,0.5813860380317442,2,10,0.5773985726809377,0.9931414497597745
MAC003863,0.5813860380317442,2,11,0.5837739309572302,1.0041072416076073
MAC003863,0.5813860380317442,2,12,0.5882606928716905,1.0118245956907053
MAC003863,0.5813860380317442,2,13,0.5707678207739307,0.98173637383216
MAC003863,0.5813860380317442,2,14,0.5507311610997964,0.9472727672722784
MAC003863,0.5813860380317442,2,15,0.5318207741344195,0.9147463807952362
MAC003863,0.5813860380317442,2,16,0.628285132179226,1.0806677337939807
MAC003863,0.5813860380317442,2,17,0.7568513244399185,1.3018051259060228
MAC003863,0.5813860380317442,2,18,0.8499470470468431,1.4619323331607685
MAC003863,0.5813860380317442,2,19,0.9457410795107034,1.6267007076958135
MAC003863,0.5813860380317442,2,20,1.017879591632653,1.7507809356389739
MAC003863,0.5813860380317442,2,21,1.0157006112016294,1.7470330292764467
MAC003863,0.5813860380317442,2,22,0.8533700301732925,1.467819958426139
MAC003863,0.5813860380317442,2,23,0.5754175154786151,0.9897339768025127
MAC004387,0.17963050121789903,2,0,0.11900490539593553,0.6624983206586825
MAC004387,0.17963050121789903,2,1,0.11314866760168303,0.6298967426719427
MAC004387,0.17963050121789903,2,2,0.11365918653576437,0.6327387930510264
MAC004387,0.17963050121789903,2,3,0.11488920056100982,0.6395862605852477
MAC004387,0.17963050121789903,2,4,0.114562412342216,0.6377670360294055
MAC004387,0.17963050121789903,2,5,0.11836516853932584,0.6589369162631469
MAC004387,0.17963050121789903,2,6,0.1336157082748948,0.7438364162487837
MAC004387,0.17963050121789903,2,7,0.15315649122807018,0.8526196285690101
MAC004387,0.17963050121789903,2,8,0.17329873772791024,0.9647511784075684
MAC004387,0.17963050121789903,2,9,0.18276718078541374,1.017461842761936
MAC004387,0.17963050121789903,2,10,0.16754558204768583,0.932723456827893
MAC004387,0.17963050121789903,2,11,0.16735904628330994,0.9316850153432277
MAC004387,0.17963050121789903,2,12,0.1804656381486676,1.0046491933447066
MAC004387,0.17963050121789903,2,13,0.17684852734922862,0.9845127979390551
MAC004387,0.17963050121789903,2,14,0.16480588647512262,0.9174716173352233
MAC004387,0.17963050121789903,2,15,0.17683613445378152,0.9844438068970935
MAC004387,0.17963050121789903,2,16,0.2261456582633053,1.2589491023519526
MAC004387,0.17963050121789903,2,17,0.2735602240896359,1.5229051983649275
MAC004387,0.17963050121789903,2,18,0.2897224947442187,1.6128802891485208
MAC004387,0.17963050121789903,2,19,0.2997547300630694,1.668729575605063
MAC004387,0.17963050121789903,2,20,0.2999005600840336,1.6695414088960434
MAC004387,0.17963050121789903,2,21,0.24268487422969187,1.3510226413904247
MAC004387,0.17963050121789903,2,22,0.17353641456582633,0.9660743213944478
MAC004387,0.17963050121789903,2,23,0.1354985994397759,0.7543184399146704
MAC004431,0.8962454610140216,2,0,0.7034467184191955,0.7848817640016926
MAC004431,0.8962454610140216,2,1,0.602624203821656,0.6723874541465913
MAC004431,0.8962454610140216,2,2,0.5628163841807909,0.6279712519202212
MAC004431,0.8962454610140216,2,3,0.47907344632768367,0.5345337490308234
MAC004431,0.8962454610140216,2,4,0.4437387005649718,0.49510844948985416
MAC004431,0.8962454610140216,2,5,0.4498671378091873,0.501946349943243
MAC004431,0.8962454610140216,2,6,0.5036551236749117,0.561961142994321
MAC004431,0.8962454610140216,2,7,0.6826864405367232,0.7617181567249719
MAC004431,0.8962454610140216,2,8,0.8070254237288136,0.9004513370876506
MAC004431,0.8962454610140216,2,9,0.8877086280056578,0.9904748940109497
MAC004431,0.8962454610140216,2,10,0.8574378524011299,0.9566997989936994
MAC004431,0.8962454610140216,2,11,0.809014104090268,0.9026702385470838
MAC004431,0.8962454610140216,2,12,0.8301848985179958,0.9262918861298509
MAC004431,0.8962454610140216,2,13,0.8350084619181947,0.9316738530239889
MAC004431,0.8962454610140216,2,14,0.8177148897671136,0.9123782773102609
MAC004431,0.8962454610140216,2,15,0.8147122702397743,0.9090280572444966
MAC004431,0.8962454610140216,2,16,0.9285387866008463,1.036031787040001
MAC004431,0.8962454610140216,2,17,1.1957912564174893,1.3342229427466874
MAC004431,0.8962454610140216,2,18,1.6103159380818053,1.7967353901685335
MAC004431,0.8962454610140216,2,19,1.7759873064880112,1.9815858308265688
MAC004431,0.8962454610140216,2,20,1.623180535260931,1.8110892672465502
MAC004431,0.8962454610140216,2,21,1.401011283779972,1.5632004230122996
MAC004431,0.8962454610140216,2,22,1.0677542377118645,1.1913636209703045
MAC004431,0.8962454610140216,2,23,0.8205970359915314,0.9155940773893564
MAC000002,0.505056693232306,3,0,0.5673936377733598,1.1234256379063199
MAC000002,0.505056693232306,3,1,0.4670596421471173,0.9247667606541123
MAC000002,0.505056693232306,3,2,0.3335666003976143,0.6604537765113568
MAC000002,0.505056693232306,3,3,0.2477037773359841,0.49044746986859594
MAC000002,0.505056693232306,3,4,0.22569980119284294,0.4468801309183522
MAC000002,0.505056693232306,3,5,0.2210437375745527,0.4376612379095457
MAC000002,0.505056693232306,3,6,0.21865805168986083,0.43293763773423916
MAC000002,0.505056693232306,3,7,0.23670576540755467,0.46867167306043295
MAC000002,0.505056693232306,3,8,0.32099204791252484,0.6355564676476454
MAC000002,0.505056693232306,3,9,0.48474552703777335,0.9597843836806845
MAC000002,0.505056693232306,3,10,0.5624910538767396,1.113718640726965
MAC000002,0.505056693232306,3,11,0.5708000003980099,1.1301701532652784
MAC000002,0.505056693232306,3,12,0.5720059642147117,1.132557932365846
MAC000002,0.505056693232306,3,13,0.5333359842942346,1.05599231025124
MAC000002,0.505056693232306,3,14,0.45675223920398006,0.9043583528827569
MAC000002,0.505056693232306,3,15,0.4013836978131213,0.7947299841614034
MAC000002,0.505056693232306,3,16,0.4087375745526839,0.8092904817017857
MAC000002,0.505056693232306,3,17,0.49500993996023857,0.9801076722540408
MAC000002,0.505056693232306,3,18,0.6465725638170975,1.280197990603997
MAC000002,0.505056693232306,3,19,0.9600776123383085,1.9009303810903284
MAC000002,0.505056693232306,3,20,1.034918488667992,2.049113500594617
MAC000002,0.505056693232306,3,21,0.7571701488557214,1.4991785258995733
MAC000002,0.505056693232306,3,22,0.7431292262425447,1.4713778397561694
MAC000002,0.505056693232306,3,23,0.6554075548707753,1.2976910585547154
MAC000246,0.7018090670061388,3,0,1.1666740068501529,1.6623809262355225
MAC000246,0.7018090670061388,3,1,0.884873929253366,1.26084710336982
MAC000246,0.7018090670061388,3,2,0.5722925339045287,0.8154533202967622
MAC000246,0.7018090670061388,3,3,0.32111383157894735,0.45755155736131087
MAC000246,0.7018090670061388,3,4,0.20743206854345167,0.2955676668988337
MAC000246,0.7018090670061388,3,5,0.1820171358629131,0.2593542095991772
MAC000246,0.7018090670061388,3,6,0.3171101591187271,0.45184676862539497
MAC000246,0.7018090670061388,3,7,0.47909302337821297,0.6826543655555569
MAC000246,0.7018090670061388,3,8,0.538627066748316,0.7674837674099251
MAC000246,0.7018090670061388,3,9,0.5963863078239608,0.8497842730475071
MAC000246,0.7018090670061388,3,10,0.6336110092966362,0.9028253396605005
MAC000246,0.7018090670061388,3,11,0.6191657493577982,0.8822424480765255
MAC000246,0.7018090670061388,3,12,0.5754804393643032,0.8199957316300523
MAC000246,0.7018090670061388,3,13,0.5355990212713936,0.763169138803259
MAC000246,0.7018090670061388,3,14,0.4396760393643032,0.6264895397261337
MAC000246,0.7018090670061388,3,15,0.39811491430317847,0.5672695509642028
MAC000246,0.7018090670061388,3,16,0.4053594136919315,0.5775921582506226
MAC000246,0.7018090670061388,3,17,0.47426772579462106,0.6757788522422619
MAC000246,0.7018090670061388,3,18,0.6310831301955991,0.8992233926069796
MAC000246,0.7018090670061388,3,19,0.9577420561124694,1.3646760937388858
MAC000246,0.7018090670061388,3,20,1.3689180951100244,1.9505562972415265
MAC000246,0.7018090670061388,3,21,1.6376662586797066,2.333492591747011
MAC000246,0.7018090670061388,3,22,1.5485806844743275,2.2065555395008625
MAC000246,0.7018090670061388,3,23,1.3525330080684597,1.927209367411363
MAC003281,0.39131286174128893,3,0,0.35188560591039086,0.8992436495558768
MAC003281,0.39131286174128893,3,1,0.2819293220630372,0.7204703694340384
MAC003281,0.39131286174128893,3,2,0.20217175572519083,0.5166499123631001
MAC003281,0.39131286174128893,3,3,0.19020419847328243,0.4860668203618446
MAC003281,0.39131286174128893,3,4,0.19835721107927412,0.5069018436976785
MAC003281,0.39131286174128893,3,5,0.24535496183206107,0.6270045935629739
MAC003281,0.39131286174128893,3,6,0.43893320572519084,1.1216937868384849
MAC003281,0.39131286174128893,3,7,0.4725209917938931,1.2075273725766107
MAC003281,0.39131286174128893,3,8,0.4793841757864633,1.2250662389507696
MAC003281,0.39131286174128893,3,9,0.47045376491897045,1.2022445743937864
MAC003281,0.39131286174128893,3,10,0.36214666704761905,0.9254657908153484
MAC003281,0.39131286174128893,3,11,0.308678095047619,0.7888268575534255
MAC003281,0.39131286174128893,3,12,0.3318799998095238,0.8481193240945443
MAC003281,0.39131286174128893,3,13,0.2966819059047619,0.7581705967561808
MAC003281,0.39131286174128893,3,14,0.2836129649189704,0.7247729186741559
MAC003281,0.39131286174128893,3,15,0.30543238133333334,0.7805324363073599
MAC003281,0.39131286174128893,3,16,0.3520342855238095,0.8996236003010606
MAC003281,0.39131286174128893,3,17,0.3908857142857143,0.9989084246971237
MAC003281,0.39131286174128893,3,18,0.4939047611428571,1.2621735941544272
MAC003281,0.39131286174128893,3,19,0.5370009540514776,1.3723059131302164
MAC003281,0.39131286174128893,3,20,0.616547188369876,1.5755863112352735
MAC003281,0.39131286174128893,3,21,0.6893790478095239,1.7617081246496245
MAC003281,0.39131286174128893,3,22,0.6313047613333334,1.613299288257772
MAC003281,0.39131286174128893,3,23,0.4608247619047619,1.1776376576383267
MAC003400,0.5092935170622823,3,0,0.3448830914009662,0.6771794257078475
MAC003400,0.5092935170622823,3,1,0.22082398452611218,0.4335888385147209
MAC003400,0.5092935170622823,3,2,0.17937911025145067,0.3522116505353319
MAC003400,0.5092935170622823,3,3,0.17018955512572534,0.3341679197242022
MAC003400,0.5092935170622823,3,4,0.17896324951644102,0.35139510620268766
MAC003400,0.5092935170622823,3,5,0.18280851063829787,0.35894529286918436
MAC003400,0.5092935170622823,3,6,0.28341723136495645,0.5564909465169903
MAC003400,0.5092935170622823,3,7,0.49023597678916825,0.9625804381272274
MAC003400,0.5092935170622823,3,8,0.6534932301740812,1.2831367537202805
MAC003400,0.5092935170622823,3,9,0.5847949709864604,1.1482474278480652
MAC003400,0.5092935170622823,3,10,0.5512823982591877,1.0824453478990004
MAC003400,0.5092935170622823,3,11,0.5187725072604066,1.0186120378142671
MAC003400,0.5092935170622823,3,12,0.48306963172147005,0.9485092889222753
MAC003400,0.5092935170622823,3,13,0.4494594592664093,0.882515571490073
MAC003400,0.5092935170622823,3,14,0.4375038611969112,0.8590407035230495
MAC003400,0.5092935170622823,3,15,0.4289111965250965,0.8421689696722455
MAC003400,0.5092935170622823,3,16,0.4930434782608696,0.9680929792801083
MAC003400,0.5092935170622823,3,17,0.6302992277992278,1.2375952308109734
MAC003400,0.5092935170622823,3,18,0.7212316602316603,1.4161414509885852
MAC003400,0.5092935170622823,3,19,0.7711100384169883,1.5140778599832208
MAC003400,0.5092935170622823,3,20,0.8462683397683398,1.6616515062862038
MAC003400,0.5092935170622823,3,21,0.9957449277294685,1.9551494263526965
MAC003400,0.5092935170622823,3,22,0.9596888873429952,1.8843532367713867
MAC003400,0.5092935170622823,3,23,0.647669884942085,1.2717025904393762
MAC003423,0.7498596332458,3,0,0.44254545415444774,0.5901710594006382
MAC003423,0.7498596332458,3,1,0.368861328125,0.4919071673832711
MAC003423,0.7498596332458,3,2,0.363111328125,0.48423906558785795
MAC003423,0.7498596332458,3,3,0.3506367189453125,0.4676031398404075
MAC003423,0.7498596332458,3,4,0.3175917966796875,0.423534995883133
MAC003423,0.7498596332458,3,5,0.360705078125,0.4810301316843426
MAC003423,0.7498596332458,3,6,1.026105468359375,1.368396727688665
MAC003423,0.7498596332458,3,7,1.491521484375,1.9890675777797033
MAC003423,0.7498596332458,3,8,1.0356754651026394,1.3811591118989472
MAC003423,0.7498596332458,3,9,0.7026191421875,0.937000887947765
MAC003423,0.7498596332458,3,10,0.5866640630859375,0.7823651748615094
MAC003423,0.7498596332458,3,11,0.5048954048875856,0.67331988881989
MAC003423,0.7498596332458,3,12,0.428572265234375,0.5715366533057412
MAC003423,0.7498596332458,3,13,0.39318908362573096,0.5243502466238847
MAC003423,0.7498596332458,3,14,0.355693956920078,0.4743473860306912
MAC003423,0.7498596332458,3,15,0.3796335282651072,0.5062727895110809
MAC003423,0.7498596332458,3,16,0.4915419105263158,0.655511896804813
MAC003423,0.7498596332458,3,17,0.7126725140350877,0.9504078929415813
MAC003423,0.7498596332458,3,18,0.9875516575048733,1.3169820239958951
MAC003423,0.7498596332458,3,19,1.3999551211707317,1.8669562396777717
MAC003423,0.7498596332458,3,20,1.7816432760233918,2.3759690441149255
MAC003423,0.7498596332458,3,21,1.585629629239766,2.114568592492837
MAC003423,0.7498596332458,3,22,1.2075278044878048,1.6103384566268333
MAC003423,0.7498596332458,3,23,0.7220877187134503,0.9629638490978135
MAC003482,0.5491813928303357,3,0,0.39154731765853656,0.7129653749567245
MAC003482,0.5491813928303357,3,1,0.327646484375,0.5966088593905132
MAC003482,0.5491813928303357,3,2,0.3095078125,0.5635802970397058
MAC003482,0.5491813928303357,3,3,0.30923828125,0.5630895097451639
MAC003482,0.5491813928303357,3,4,0.310564453125,0.5655043254914972
MAC003482,0.5491813928303357,3,5,0.32839296187683287,0.5979681142953194
MAC003482,0.5491813928303357,3,6,0.410625,0.7477037739457036
MAC003482,0.5491813928303357,3,7,0.5329355470703125,0.970418069562961
MAC003482,0.5491813928303357,3,8,0.5783828125,1.0531726312123721
MAC003482,0.5491813928303357,3,9,0.517357422265625,0.9420519868659453
MAC003482,0.5491813928303357,3,10,0.5522150533724339,1.0055239681855634
MAC003482,0.5491813928303357,3,11,0.543546875,0.9897401516076556
MAC003482,0.5491813928303357,3,12,0.5475859376953125,0.9970948485220872
MAC003482,0.5491813928303357,3,13,0.5166725150097465,0.9408048447289027
MAC003482,0.5491813928303357,3,14,0.4817855746588694,0.8772794944414884
MAC003482,0.5491813928303357,3,15,0.48738986315789473,0.887484298486546
MAC003482,0.5491813928303357,3,16,0.5073469773879142,0.9238240479583294
MAC003482,0.5491813928303357,3,17,0.6163937627680312,1.1223864661388119
MAC003482,0.5491813928303357,3,18,0.8115653007797271,1.477772756642635
MAC003482,0.5491813928303357,3,19,0.8844624392195122,1.6105105722195476
MAC003482,0.5491813928303357,3,20,0.9022241730994153,1.6428527711938496
MAC003482,0.5491813928303357,3,21,0.9131773884990253,1.6627973933944673
MAC003482,0.5491813928303357,3,22,0.8319746592592593,1.5149359940464877
MAC003482,0.5491813928303357,3,23,0.5678148153996101,1.0339294499277236
MAC003718,0.41785500557951033,3,0,0.4290123796423659,1.0267015445881322
MAC003718,0.41785500557951033,3,1,0.2462837465564738,0.5894000150002042
MAC003718,0.41785500557951033,3,2,0.2166749311294766,0.5185409489805604
MAC003718,0.41785500557951033,3,3,0.2124297520661157,0.5083814941297721
MAC003718,0.41785500557951033,3,4,0.20471625344352617,0.48992174488758716
MAC003718,0.41785500557951033,3,5,0.21156198347107438,0.5063047723400262
MAC003718,0.41785500557951033,3,6,0.28465289256198345,0.6812240819449011
MAC003718,0.41785500557951033,3,7,0.40881379282758623,0.9783627989824243
MAC003718,0.41785500557951033,3,8,0.4709449035812672,1.1270533972140124
MAC003718,0.41785500557951033,3,9,0.49539669421487603,1.1855708023117386
MAC003718,0.41785500557951033,3,10,0.46390633608815424,1.1102088760305187
MAC003718,0.41785500557951033,3,11,0.37231129476584024,0.8910059465471596
MAC003718,0.41785500557951033,3,12,0.35860330578512395,0.8582003350367623
MAC003718,0.41785500557951033,3,13,0.3543571428571428,0.8480385256261217
MAC003718,0.41785500557951033,3,14,0.3624807692307693,0.8674797821987457
MAC003718,0.41785500557951033,3,15,0.35670879120879123,0.8536664308091337
MAC003718,0.41785500557951033,3,16,0.37759890137362634,0.9036601125549423
MAC003718,0.41785500557951033,3,17,0.44469505494505496,1.0642329253141791
MAC003718,0.41785500557951033,3,18,0.5553021978021978,1.328935133927775
MAC003718,0.41785500557951033,3,19,0.6042393397524072,1.4460502606984595
MAC003718,0.41785500557951033,3,20,0.5885686813186813,1.4085476384383944
MAC003718,0.41785500557951033,3,21,0.5663653848901099,1.3554112726366292
MAC003718,0.41785500557951033,3,22,0.7066456041208792,1.6911263349372925
MAC003718,0.41785500557951033,3,23,0.7362500002747253,1.761974824864531
MAC003740,0.4299492877274349,3,0,0.3646592964824121,0.8481449019484986
MAC003740,0.4299492877274349,3,1,0.3690503018108652,0.858357746704359
MAC003740,0.4299492877274349,3,2,0.37611670020120724,0.8747931696531739
MAC003740,0.4299492877274349,3,3,0.39777263581488936,0.9251617508599204
MAC003740,0.4299492877274349,3,4,0.42346424974823765,0.9849167374750754
MAC003740,0.4299492877274349,3,5,0.4504869217303823,1.0477675730351883
MAC003740,0.4299492877274349,3,6,0.4808450704225352,1.1183762461012974
MAC003740,0.4299492877274349,3,7,0.47750502977867204,1.1106077935437468
MAC003740,0.4299492877274349,3,8,0.44991750543259557,1.0464431928953897
MAC003740,0.4299492877274349,3,9,0.3883018106639839,0.9031339782336066
MAC003740,0.4299492877274349,3,10,0.31559758531187126,0.7340344415501008
MAC003740,0.4299492877274349,3,11,0.28333734939759037,0.6590017880834618
MAC003740,0.4299492877274349,3,12,0.28923694759036145,0.6727234021462605
MAC003740,0.4299492877274349,3,13,0.2915903614457831,0.6781971031677484
MAC003740,0.4299492877274349,3,14,0.3012309232931727,0.7006196588564584
MAC003740,0.4299492877274349,3,15,0.3031566269076305,0.7050985675776157
MAC003740,0.4299492877274349,3,16,0.3824497991967872,0.8895230440275554
MAC003740,0.4299492877274349,3,17,0.4415336685427136,1.0269435981078368
MAC003740,0.4299492877274349,3,18,0.5899558226907631,1.3721521107967596
MAC003740,0.4299492877274349,3,19,0.7540060244979919,1.7537092071565237
MAC003740,0.4299492877274349,3,20,0.7123393576305221,1.6567985526751416
MAC003740,0.4299492877274349,3,21,0.6244156634538153,1.4523007277306197
MAC003740,0.4299492877274349,3,22,0.4811746991967871,1.11914291506357
MAC003740,0.4299492877274349,3,23,0.3706385542168675,0.862051792610092
MAC003817,0.9155659334632139,3,0,0.8539858147922998,0.9327409240337488
MAC003817,0.9155659334632139,3,1,0.7251582146044625,0.792032761487186
MAC003817,0.9155659334632139,3,2,0.6874705880324543,0.7508695582764121
MAC003817,0.9155659334632139,3,3,0.7167829614604463,0.7828851372277992
MAC003817,0.9155659334632139,3,4,0.7265091279918864,0.793508256957309
MAC003817,0.9155659334632139,3,5,0.7469979716024341,0.8158865946189635
MAC003817,0.9155659334632139,3,6,0.7584847868154159,0.8284327311593782
MAC003817,0.9155659334632139,3,7,0.8729574034482759,0.9534620845341337
MAC003817,0.9155659334632139,3,8,0.8645091290060852,0.9442347049065035
MAC003817,0.9155659334632139,3,9,0.8382738344827586,0.9155799750127326
MAC003817,0.9155659334632139,3,10,0.7096734281947261,0.7751199583303847
MAC003817,0.9155659334632139,3,11,0.6754158221095335,0.7377030942541843
MAC003817,0.9155659334632139,3,12,0.6703711971602434,0.7321932508175589
MAC003817,0.9155659334632139,3,13,0.6498985807302231,0.7098326368172315
MAC003817,0.9155659334632139,3,14,0.6704133736575482,0.7322393168579862
MAC003817,0.9155659334632139,3,15,0.7174554649797571,0.7836196594448579
MAC003817,0.9155659334632139,3,16,0.8173522279352227,0.8927289647437092
MAC003817,0.9155659334632139,3,17,0.9862024307692308,1.0771506395381354
MAC003817,0.9155659334632139,3,18,1.1058076914979758,1.2077859726771993
MAC003817,0.9155659334632139,3,19,1.258014170445344,1.3740290288944976
MAC003817,0.9155659334632139,3,20,1.4080283412955468,1.537877600982321
MAC003817,0.9155659334632139,3,21,1.5385931186234818,1.6804831442380226
MAC003817,0.9155659334632139,3,22,1.5805870461538463,1.7263497781914272
MAC003817,0.9155659334632139,3,23,1.3946396773279353,1.5232542259983177
MAC004319,2.0399589643951237,3,0,1.926099457342657,0.9441853934124467
MAC004319,2.0399589643951237,3,1,1.5226749606531882,0.746424309130494
MAC004319,2.0399589643951237,3,2,1.4447900482115086,0.7082446624802127
MAC004319,2.0399589643951237,3,3,1.4402923796267497,0.7060398786275667
MAC004319,2.0399589643951237,3,4,1.4551477433903577,0.7133220661729484
MAC004319,2.0399589643951237,3,5,1.4468880264385693,0.7092731038673573
MAC004319,2.0399589643951237,3,6,1.5867884917573873,0.777853142858632
MAC004319,2.0399589643951237,3,7,1.6451959550544324,0.8064848282584233
MAC004319,2.0399589643951237,3,8,1.7495536502332814,0.8576415902326978
MAC004319,2.0399589643951237,3,9,1.8509642850931678,0.9073536857355385
MAC004319,2.0399589643951237,3,10,1.8784891313664598,0.9208465288533184
MAC004319,2.0399589643951237,3,11,1.8703136633540374,0.916838865878173
MAC004319,2.0399589643951237,3,12,1.7766863332298135,0.8709421925830875
MAC004319,2.0399589643951237,3,13,1.7465905187257187,0.8561890455691628
MAC004319,2.0399589643951237,3,14,1.758172495260295,0.8618665992536854
MAC004319,2.0399589643951237,3,15,1.8148835389751554,0.8896666896989733
MAC004319,2.0399589643951237,3,16,2.0121770149068325,0.9863811233592491
MAC004319,2.0399589643951237,3,17,2.239423914440994,1.097778903167797
MAC004319,2.0399589643951237,3,18,2.5000232899068324,1.225526264763921
MAC004319,2.0399589643951237,3,19,2.7268090020186335,1.3366979677589594
MAC004319,2.0399589643951237,3,20,3.0367251551242234,1.4886207066545845
MAC004319,2.0399589643951237,3,21,3.4353913128881985,1.6840492249346986
MAC004319,2.0399589643951237,3,22,3.3356086950310564,1.6351351930356652
MAC004319,2.0399589643951237,3,23,2.7593260824534163,1.352638033712406
